name,Date,tempmax,tempmin,temp,feelslikemax,feelslikemin,feelslike,dew,humidity,precip,precipprob,precipcover,preciptype,snow,snowdepth,windgust,windspeed,winddir,sealevelpressure,cloudcover,visibility,solarradiation,solarenergy,uvindex,conditions,icon
DC,2021-10-01,72.9,54.6,63.6,72.9,54.6,63.6,49.4,61.4,0,0,0,NA,0,0,NA,8.6,107.6,1024.6,25,9.9,72.5,6.2,7,Partially cloudy,partly-cloudy-day
DC,2021-10-02,78.2,56.3,66.4,78.2,56.3,66.4,57.9,75.5,0,0,0,NA,0,0,NA,10.8,172.4,1021.7,53.1,9.9,60.6,5.2,4,Partially cloudy,partly-cloudy-day
DC,2021-10-03,82.2,62.5,71.4,83.7,62.5,71.7,63.8,78.3,0,0,0,NA,0,0,NA,13.2,181.4,1015.6,65.5,8.7,66.4,5.7,6,Partially cloudy,partly-cloudy-day
DC,2021-10-04,82.2,69.9,74.8,83.9,69.9,75.2,65.5,73.4,0,0,0,NA,0,0,NA,10.9,183.8,1014,83.1,9.9,58.4,5.3,6,Partially cloudy,partly-cloudy-day
DC,2021-10-05,82.8,68.6,73.2,85,68.6,73.6,66.4,80.2,0,0,0,NA,0,0,NA,16.6,117.5,1020.7,76.2,9.3,59,5.1,5,Partially cloudy,partly-cloudy-day
DC,2021-10-06,71.7,67.6,69.7,71.7,67.6,69.7,65,85.2,0.02,100,8.33,rain,0,0,NA,10,68.3,1026.7,97.9,8,14.9,1.4,1,"Rain, Overcast",rain
DC,2021-10-07,78.6,64.8,70,78.6,64.8,70,61.2,74.6,0,0,0,NA,0,0,NA,7.6,80.6,1025.2,85.6,9.9,49.2,4.2,6,Partially cloudy,partly-cloudy-day
DC,2021-10-08,77,66,70.9,77,66,70.9,61.4,73.1,0,0,0,NA,0,0,NA,7.8,75.3,1020.7,84.8,9.9,22.2,2,1,Partially cloudy,partly-cloudy-day
DC,2021-10-09,73.1,64.7,69,73.1,64.7,69,60.6,75,0,0,0,NA,0,0,18.3,13.3,65.3,1020.2,92.1,9.9,24.8,2.2,1,Overcast,cloudy
DC,2021-10-10,72.9,64.9,68.6,72.9,64.9,68.6,62.7,82,0.04,100,12.5,rain,0,0,NA,16.1,32,1018.4,99.1,8.7,18.1,1.6,1,"Rain, Overcast",rain
DC,2021-10-11,68.9,64.8,67.1,68.9,64.8,67.1,60.2,78.8,0,0,0,NA,0,0,NA,13.2,102.4,1018,98.9,9.7,12.1,1,1,Overcast,cloudy
DC,2021-10-12,71.7,64,67.5,71.7,64,67.5,62,82.8,0.05,100,4.17,rain,0,0,NA,8.8,115.5,1018.7,98.3,8.8,18,1.4,1,"Rain, Overcast",rain
DC,2021-10-13,73.8,65.7,69.1,73.8,65.7,69.1,63.7,83.1,0,0,0,NA,0,0,NA,7.8,158.2,1017.3,92.1,9.2,23.8,1.8,1,Overcast,cloudy
DC,2021-10-14,80.7,62,70.5,81.2,62,70.5,60,72.2,0,0,0,NA,0,0,19.7,9.1,258,1015.4,60.2,9,68.7,5.8,5,Partially cloudy,partly-cloudy-day
DC,2021-10-15,80.1,64.2,70.6,81.8,64.2,70.6,62.5,76.5,0,0,0,NA,0,0,NA,9,170.1,1013.6,66.5,9.9,68.7,5.9,6,Partially cloudy,partly-cloudy-day
DC,2021-10-16,80.8,58.6,68,82.7,58.6,68.1,59.5,74.7,0.3,100,12.5,rain,0,0,33,18.2,235,1008.7,69,9.3,29.4,2.4,2,"Rain, Partially cloudy",rain
DC,2021-10-17,64.8,52.6,58.1,64.8,52.6,58.1,40.2,52.8,0,0,0,NA,0,0,31.8,19.2,286.2,1014.5,47.4,9.9,35.5,3.1,3,Partially cloudy,partly-cloudy-day
DC,2021-10-18,69,47.5,58,69,43.9,57.6,38.6,50.5,0,0,0,NA,0,0,32,20.6,269.7,1016.1,22,9.9,84.8,7.4,7,Partially cloudy,partly-cloudy-day
DC,2021-10-19,73.8,47.2,60.2,73.8,44.9,60.1,41.7,52.7,0,0,0,NA,0,0,24.2,13.2,249.8,1020,0,9.9,81.9,7.1,7,Clear,clear-day
DC,2021-10-20,76.9,53.9,64.9,76.9,53.9,64.9,47.4,55.9,0,0,0,NA,0,0,19.7,12.8,235.9,1020.2,20,9.9,81.5,7.2,7,Clear,clear-day
DC,2021-10-21,74,52.4,63.7,74,52.4,63.7,52.5,68.8,0,0,0,NA,0,0,20.8,11.6,140.2,1015.9,27.7,9.9,78.1,6.7,7,Partially cloudy,partly-cloudy-day
DC,2021-10-22,69.8,58.5,65.4,69.8,58.5,65.4,49.1,56.3,0,0,0,NA,0,0,21.9,13.7,286.4,1013.4,64.7,9.9,62.2,5.3,6,Partially cloudy,partly-cloudy-day
DC,2021-10-23,67.7,54.6,60.6,67.7,54.6,60.6,47.4,62.6,0,0,0,NA,0,0,23,11.1,267.4,1015.6,78,9.9,40.3,3.6,3,Partially cloudy,partly-cloudy-day
DC,2021-10-24,69.9,54.6,61.2,69.9,54.6,61.2,49.4,65.5,0,0,0,NA,0,0,NA,11.1,157.9,1019.9,80.4,9.9,68.2,6,4,Partially cloudy,partly-cloudy-day
DC,2021-10-25,79.9,61.8,67.5,79.9,61.8,67.5,59.1,75.7,1.31,100,25,rain,0,0,45.9,14.4,202.3,1011.7,85.3,8.9,66.8,5.8,6,"Rain, Partially cloudy",rain
DC,2021-10-26,65.8,53.8,60.1,65.8,53.8,60.1,48.7,67.9,0.31,100,12.5,rain,0,0,42.6,25.6,272,1002.2,85.2,9.7,69.3,6,5,"Rain, Partially cloudy",rain
DC,2021-10-27,70.9,52.9,60.4,70.9,52.9,60.4,46.7,61,0,0,0,NA,0,0,33.8,21.4,325.8,1007.7,53.1,9.9,76.1,6.6,6,Partially cloudy,partly-cloudy-day
DC,2021-10-28,67.7,51.5,59.2,67.7,51.5,59.2,49.5,70.8,0,0,0,NA,0,0,NA,11.1,159.6,1012.6,60.5,9.9,44.8,3.9,3,Partially cloudy,partly-cloudy-day
DC,2021-10-29,61.9,56.8,59.4,61.9,56.8,59.4,55.3,86.5,1.23,100,62.5,rain,0,0,36.9,21.5,119.9,1002.4,99.8,6.8,6.8,0.6,0,"Rain, Overcast",rain
DC,2021-10-30,62.7,55.7,59,62.7,55.7,59,51.9,77.8,0.06,100,12.5,rain,0,0,NA,14.4,202.2,1000.8,91.1,9.4,24.5,2.1,1,"Rain, Overcast",rain
DC,2021-10-31,67.8,52,58.4,67.8,52,58.4,48.7,72.1,0,0,0,NA,0,0,28.3,16.9,249.4,1006.2,69.8,9.7,46.8,4.1,3,Partially cloudy,partly-cloudy-day
DC,2021-11-01,61.9,50.2,56.2,61.9,50.2,56.2,38.9,54.6,0,0,0,NA,0,0,24.2,16.6,260,1020.1,34.1,9.9,87.2,7.7,6,Partially cloudy,partly-cloudy-day
DC,2021-11-02,51.6,45.7,48.8,51.6,43.5,47.4,41.6,76.3,0.11,100,25,rain,0,0,NA,12,240.8,1024.5,87.9,9.8,15.5,1.3,1,"Rain, Partially cloudy",rain
DC,2021-11-03,52.9,37.8,45.9,52.9,36,43.8,31.5,59.9,0,0,0,NA,0,0,20.8,14.8,291.3,1026.8,37.7,9.9,78.2,6.7,6,Partially cloudy,partly-cloudy-day
DC,2021-11-04,53.6,38.5,45.6,53.6,33.7,43.9,31.2,58.6,0,0,0,NA,0,0,NA,6.5,143,1027,83.2,9.9,46,3.9,3,Partially cloudy,partly-cloudy-day
DC,2021-11-05,55,35.3,44.9,55,29.2,42.6,28.5,55.1,0,0,0,NA,0,0,NA,12.3,207,1028.2,50,9.9,74.7,6.2,6,Partially cloudy,partly-cloudy-day
DC,2021-11-06,56.8,33.9,45.4,56.8,27.3,43,32.5,62.5,0,0,0,NA,0,0,NA,11.3,156.1,1028.1,72.7,9.9,73,6.2,5,Partially cloudy,partly-cloudy-day
DC,2021-11-07,59.8,38.6,48.1,59.8,33.5,45.7,33.6,60,0,0,0,NA,0,0,NA,12.2,152,1022.4,73.8,9.9,72.3,6.4,6,Partially cloudy,partly-cloudy-day
DC,2021-11-08,69.9,43.2,54.6,69.9,38.2,53.1,38.3,56.1,0,0,0,NA,0,0,17.2,12.3,283.2,1021.9,16.1,9.9,72,6.2,6,Clear,clear-day
DC,2021-11-09,71.4,42.7,55.7,71.4,42.7,55.6,42.8,65.7,0,0,0,NA,0,0,NA,9.7,182.2,1020.9,21,9.9,71.4,6.2,6,Partially cloudy,partly-cloudy-day
DC,2021-11-10,71.9,49.3,59.9,71.9,48.7,59.9,45.8,62.7,0,0,0,NA,0,0,NA,14.5,161.2,1020.1,32.1,9.9,72.2,6.2,5,Partially cloudy,partly-cloudy-day
DC,2021-11-11,68,47.5,57.8,68,44,57.1,50,75.8,0,0,0,NA,0,0,NA,14.8,98.3,1021.4,62,9.5,48.2,4,3,Partially cloudy,partly-cloudy-day
DC,2021-11-12,64.9,50.3,59.4,64.9,50.3,59.4,48.1,68.5,0.6,100,33.33,rain,0,0,29.7,16,188.9,1014.1,58.4,8.9,62.2,5.3,6,"Rain, Partially cloudy",rain
DC,2021-11-13,53,39.5,47.9,53,35.5,45.9,35.3,63.7,0.01,100,4.17,rain,0,0,33.8,16.8,236.9,1012.1,42,9.8,43.4,3.7,4,"Rain, Partially cloudy",rain
DC,2021-11-14,47.8,33.6,42.4,43.7,27.6,37.8,28.3,58.5,0,0,0,NA,0,0,23.8,13.9,205.5,1014.2,66.4,9.9,41.6,3.7,4,Partially cloudy,partly-cloudy-day
DC,2021-11-15,51.1,39.8,45.4,51.1,35.1,40.9,26.3,47.6,0,0,0,NA,0,0,33.5,20.3,273.7,1015.4,65.7,9.9,49.4,4.2,3,Partially cloudy,partly-cloudy-day
DC,2021-11-16,53.9,36.8,45.3,53.9,32.3,43.4,29.6,54.9,0,0,0,NA,0,0,NA,8.8,184.5,1023,63.8,9.9,82.7,7.3,5,Partially cloudy,partly-cloudy-day
DC,2021-11-17,64.1,39.7,50.2,64.1,35.6,49.3,40.6,71.2,0,0,0,NA,0,0,NA,9.2,102.6,1023.1,48.9,9.9,76.1,6.5,5,Partially cloudy,partly-cloudy-day
DC,2021-11-18,74,48.7,60.2,74,41.8,59.8,45.3,59.9,0.06,100,12.5,rain,0,0,38.2,21.2,236.8,1017.8,49.2,9.9,79,6.6,5,"Rain, Partially cloudy",rain
DC,2021-11-19,47.8,38.4,43.9,42,32.3,37.4,22,42,0,0,0,NA,0,0,33.8,22.5,321.3,1028.9,30,9.9,87.5,7.4,6,Partially cloudy,partly-cloudy-day
DC,2021-11-20,48.7,32.4,40.5,45,27.4,37.7,26.8,58.7,0,0,0,NA,0,0,NA,10.9,189.2,1033.6,57.8,9.9,43.7,3.8,2,Partially cloudy,partly-cloudy-day
DC,2021-11-21,53,37.4,45.8,53,34.7,44.6,36.5,71.4,0,0,0,NA,0,0,NA,10.2,204.1,1023.9,81.6,9.9,28.2,2.3,2,Partially cloudy,partly-cloudy-day
DC,2021-11-22,53,37.9,47.3,53,28.9,43.7,33.8,61.6,0.07,100,20.83,rain,0,0,34.3,21.7,282.4,1014.2,84.1,9.9,27.7,2.3,2,"Rain, Partially cloudy",rain
DC,2021-11-23,44.8,33,38.4,37.4,24.4,31.2,16.9,41.8,0,0,0,NA,0,0,29.8,17.2,314.8,1021.1,31.9,9.9,77.5,6.6,5,Partially cloudy,partly-cloudy-day
DC,2021-11-24,48.7,30.3,39.5,47.7,24.5,36.5,20.4,47,0,0,0,NA,0,0,NA,9.6,242.3,1028.6,29,9.9,84.4,7.3,5,Partially cloudy,partly-cloudy-day
DC,2021-11-25,57.1,34.6,44.6,57.1,29.7,42.6,29.3,56.2,0,0,0,NA,0,0,NA,8.7,202.3,1018.5,79.6,9.9,53.5,4.5,3,Partially cloudy,partly-cloudy-day
DC,2021-11-26,48.5,35.7,43.1,46.7,26.8,36.5,27.9,57.6,0.09,100,12.5,rain,0,0,41.8,23.7,271.7,1011.3,78.7,9.6,77,6.7,5,"Rain, Partially cloudy",rain
DC,2021-11-27,44.7,33.8,39,40.2,23.8,32.5,18.7,44,0,0,0,NA,0,0,28.3,16.4,271.6,1016.2,70.7,9.9,78.1,6.9,5,Partially cloudy,partly-cloudy-day
DC,2021-11-28,55.3,37.3,45.9,55.3,34.3,43.4,28.9,52.1,0,0,0,NA,0,0,18.3,11.1,158.4,1011.2,67.4,9.9,77.2,6.7,5,Partially cloudy,partly-cloudy-day
DC,2021-11-29,46.8,34.3,41.6,41.2,30.3,35.5,22.2,46.2,0,0,0,NA,0,0,35,21.7,313.7,1016.1,55.5,9.9,39.4,3.4,3,Partially cloudy,partly-cloudy-day
DC,2021-11-30,50.1,34.5,40.7,50.1,29.2,37.6,27,59.7,0,0,0,NA,0,0,NA,13.6,135.8,1016.7,71.5,9.9,41.8,3.6,3,Partially cloudy,partly-cloudy-day
DC,2021-12-01,56.9,32.5,44.8,56.9,29.5,43.6,32,63.3,0,0,0,NA,0,0,NA,9.1,169.8,1020.4,53.3,9.9,70.1,6,5,Partially cloudy,partly-cloudy-day
DC,2021-12-02,64.1,43.9,55,64.1,39.9,53.9,40.1,58.6,0,0,0,NA,0,0,25.3,16.6,212.9,1010,87.2,9.9,43.3,3.7,2,Partially cloudy,partly-cloudy-day
DC,2021-12-03,61.8,44.5,50.7,61.8,39.9,49.4,30.9,47.1,0,0,0,NA,0,0,36.9,22.6,253.7,1016.2,71.1,9.9,18.9,1.5,1,Partially cloudy,partly-cloudy-day
DC,2021-12-04,57.9,41.6,48.6,57.9,38.8,47.8,33.2,57.6,0,0,0,NA,0,0,NA,9,109,1020,81.6,9.9,73,6.2,4,Partially cloudy,partly-cloudy-day
DC,2021-12-05,52,36.5,45.6,52,30.6,44.4,28.9,53.9,0,0,0,NA,0,0,NA,8.6,98.8,1025.9,64.7,9.9,25.6,2.1,1,Partially cloudy,partly-cloudy-day
DC,2021-12-06,69.7,44.5,55.1,69.7,39.6,53.4,39.8,58.7,0,0,0,NA,0,0,51.2,29.8,187.4,1012.2,87.3,9.9,30.6,2.7,2,Partially cloudy,partly-cloudy-day
DC,2021-12-07,43.9,35.3,39.1,39.6,29.3,34.1,15.3,37.8,0,0,0,NA,0,0,31.3,20.5,257.7,1022.9,69.2,9.9,65.2,5.9,4,Partially cloudy,partly-cloudy-day
DC,2021-12-08,42.9,36.5,39.6,40.8,31.4,35.7,24.5,54.6,0,0,0,NA,0,0,26.4,18.8,146.4,1017.1,82.9,9.9,31.3,2.7,3,Partially cloudy,partly-cloudy-day
DC,2021-12-09,42.9,31.1,38,40.3,24,33.3,22.1,53.2,0,0,0,NA,0,0,NA,12.2,194.4,1023.4,76.3,9.9,35.6,3.3,2,Partially cloudy,partly-cloudy-day
DC,2021-12-10,53.2,38.5,46.1,53.2,31.5,43.4,33.9,62.7,0.01,100,4.17,rain,0,0,NA,10.8,127,1020.1,96.6,9.9,43.9,3.8,3,"Rain, Overcast",rain
DC,2021-12-11,69.1,47.8,58.6,69.1,45.9,58.3,51.4,78,0.16,100,12.5,rain,0,0,42,23.9,204.3,1009.7,98.8,9.3,14.2,1.2,1,"Rain, Overcast",rain
DC,2021-12-12,50.9,38.9,45.2,50.9,34.6,41.1,21.2,39.4,0,0,0,NA,0,0,45.6,19.7,271.8,1023.3,33.2,9.9,76.8,6.7,5,Partially cloudy,partly-cloudy-day
DC,2021-12-13,51.5,32.7,41.2,51.5,28.3,38.7,27.5,59.8,0,0,0,NA,0,0,NA,9.7,184.3,1027.7,38.3,9.9,75.3,6.4,5,Partially cloudy,partly-cloudy-day
DC,2021-12-14,59.8,34.7,45.7,59.8,34.7,45.1,28.9,55.2,0,0,0,NA,0,0,NA,7.7,65.5,1032.3,48.5,9.9,74.7,6.4,5,Partially cloudy,partly-cloudy-day
DC,2021-12-15,57.8,36.3,46.7,57.8,32.7,45.6,37.6,71,0,0,0,NA,0,0,NA,6.7,96.6,1032.8,62.8,9.9,65.2,5.4,4,Partially cloudy,partly-cloudy-day
DC,2021-12-16,66.9,45.6,55.3,66.9,41.1,53.7,41.8,62.8,0,0,0,NA,0,0,23,14.5,198,1020.2,71.3,9.9,71.9,6.2,5,Partially cloudy,partly-cloudy-day
DC,2021-12-17,64.8,54.8,59,64.8,54.8,59,39.4,50.1,0,0,0,NA,0,0,NA,12.2,234.6,1020.3,92.8,9.9,43.4,3.7,4,Overcast,cloudy
DC,2021-12-18,55.3,49.9,52.3,55.3,46.4,52.2,36.2,56.3,0,0,0,NA,0,0,NA,9.7,102.8,1016.8,99.2,9.8,15.5,1.3,1,Overcast,cloudy
DC,2021-12-19,56,34.5,45.3,56,26,39.2,30,55.8,0,0,0,NA,0,0,36.2,23.7,311.4,1019.5,76.6,9.7,36.6,3,2,Partially cloudy,partly-cloudy-day
DC,2021-12-20,41,27.7,34,39.8,19.9,28.1,19.1,55.5,0,0,0,NA,0,0,NA,10,233.7,1027.3,20.1,9.9,76,6.6,5,Partially cloudy,partly-cloudy-day
DC,2021-12-21,42.9,29.4,36.4,38.7,24.2,33.5,26.2,67.6,0.06,100,12.5,rain,0,0,NA,7.7,94.4,1018.2,92.8,8.6,27.6,2.4,1,"Rain, Overcast",rain
DC,2021-12-22,50.9,34.7,41.5,50.9,26.1,36,26.1,58.5,0.19,100,41.67,rain,0,0,34.7,22.4,316.3,1009.1,49.2,8.2,74.8,6.3,5,"Rain, Partially cloudy",rain
DC,2021-12-23,42,29.1,35.2,39.2,21.9,29.4,17.3,48,0.06,100,8.33,rain,0,0,NA,13.2,255.8,1023,24.4,9.9,59.9,5.2,4,"Rain, Partially cloudy",rain
DC,2021-12-24,53.9,38.6,45.9,53.9,30.2,42.7,28.6,51.2,0,0,0,NA,0,0,24.2,15.6,159.7,1016.2,79.5,9.9,48.5,4.1,4,Partially cloudy,partly-cloudy-day
DC,2021-12-25,66.9,48.8,57.5,66.9,45.4,57.2,43.6,60.3,0.07,100,8.33,rain,0,0,31.1,13.9,201.6,1003.8,87.7,9.9,50.7,4.5,4,"Rain, Partially cloudy",rain
DC,2021-12-26,61.9,45.8,54.8,61.9,40.4,54,40.4,59.3,0,0,0,NA,0,0,NA,13.5,297.6,1013.7,21,9.9,75.3,6.6,5,Partially cloudy,partly-cloudy-day
DC,2021-12-27,42.9,39.4,41,40.8,34.1,37.4,30.9,67.5,0,0,0,NA,0,0,NA,11.1,92.5,1016.5,88.8,9.9,10.1,0.8,0,Partially cloudy,partly-cloudy-day
DC,2021-12-28,56.9,38.5,47.9,56.9,35,46.9,32.8,59.9,0,0,0,NA,0,0,NA,10.8,116.3,1011.7,95,9.9,29.8,2.5,2,Overcast,cloudy
DC,2021-12-29,53.8,47.8,50.2,53.8,45.4,49.2,40.5,70.1,0.11,100,12.5,rain,0,0,NA,9.9,70.8,1010.9,97.5,9.4,24.3,2.1,1,"Rain, Overcast",rain
DC,2021-12-30,53.9,47,50.4,53.9,44.4,49.7,47.4,89.6,0.15,100,25,rain,0,0,NA,7.6,108.6,1013.4,97.5,5.3,16.5,1.4,1,"Rain, Overcast",rain
DC,2021-12-31,57.9,50.1,53.2,57.9,50.1,53.2,50,88.8,0.04,100,8.33,rain,0,0,NA,11,139.8,1013.5,86.5,7.6,28.4,2.5,2,"Rain, Partially cloudy",rain
DC,2022-01-01,63.5,54.1,58.3,63.5,54.1,58.3,56,92.1,0.45,100,33.33,rain,0,0,NA,11.4,157.5,1007.2,99.4,6.2,9.7,0.7,0,"Rain, Overcast",rain
DC,2022-01-02,62.7,47.8,57.5,62.7,42,57,51.6,81.6,0.12,100,16.67,rain,0,0,36.6,18.9,247.1,1006.6,91.6,9.6,19.8,1.7,1,"Rain, Overcast",rain
DC,2022-01-03,46,26.1,32.7,39.4,14.3,23,26.6,78.7,0.89,100,50,"rain,snow",5,1.8,34.9,22.5,191.5,1019.7,69.1,6.2,24.1,1.9,2,"Snow, Rain, Partially cloudy",snow
DC,2022-01-04,34,25.3,29.4,33.7,16,24,19.2,65.7,0,0,0,NA,2.8,6.7,19.7,14.1,177.3,1029.7,18.7,9.9,70.8,6.1,6,Clear,snow
DC,2022-01-05,40.8,28.1,35.8,37.2,19.8,29.5,29,76.3,0,0,0,NA,0,4.9,NA,13.6,202.7,1014.5,82.6,9.9,26.9,2.2,1,Partially cloudy,partly-cloudy-day
DC,2022-01-06,42.9,36.9,39.8,40.6,29.5,35.3,24.2,55,0,0,0,NA,0.9,3.4,19.7,12.9,211.5,1012.7,88,9.9,61.4,5.4,4,Partially cloudy,snow
DC,2022-01-07,35.8,24.9,29.8,26.4,16.7,20,15.3,56.2,0.12,100,20.83,"rain,snow",0.5,3.9,32.2,21.3,284.2,1018.6,54.8,8.4,75.9,6.8,5,"Snow, Rain, Partially cloudy",snow
DC,2022-01-08,33.1,22.8,27.5,29.9,13,20.3,10.8,49.4,0,0,0,NA,0,2.5,NA,13.3,232.2,1035.6,20.5,9.9,83.3,7.2,5,Partially cloudy,partly-cloudy-day
DC,2022-01-09,46.6,30.4,37.8,43.1,21.2,30.8,29.1,71.6,0.55,100,41.67,rain,2.7,2.5,31.1,15.4,204.4,1024.1,89.9,8.4,12.9,1.1,1,"Rain, Partially cloudy",snow
DC,2022-01-10,44,28.9,34.8,36.2,17.1,25.5,14.3,43.1,0.01,100,4.17,"rain,snow",0.6,0.9,34.9,21,314.8,1023.8,58.5,9.9,71.5,6.9,5,"Snow, Rain, Partially cloudy",snow
DC,2022-01-11,28.8,22.9,25.8,22.4,9.2,16.6,5.1,41.1,0,0,0,NA,0,0.1,28.4,19.7,272.5,1033.4,42.6,9.9,81,7.8,5,Partially cloudy,partly-cloudy-day
DC,2022-01-12,46.9,22.8,34.5,41.7,13,27.4,16.7,49.1,0,0,0,NA,0,0,32.4,15.7,187.8,1023.6,53.8,9.9,80.3,7.7,5,Partially cloudy,partly-cloudy-day
DC,2022-01-13,50.7,31.5,39.7,50.7,31.5,38.3,27.5,63.1,0,0,0,freezingrain,0,0,9.8,6.5,51.7,1014.6,86.6,9.9,33.8,3.4,2,Partially cloudy,partly-cloudy-day
DC,2022-01-14,48.6,35.6,41.8,41.5,25.8,34.8,28.4,59,0,0,0,NA,0,0,34.3,21.6,322.6,1012,81.2,9.9,41.8,4.5,3,Partially cloudy,partly-cloudy-day
DC,2022-01-15,33.8,20.5,25.8,23.1,9.1,14.7,4.2,39.6,0,0,0,NA,0,0,26.4,19.1,226.5,1025.6,61.6,9.9,37.6,3.6,2,Partially cloudy,partly-cloudy-day
DC,2022-01-16,37.2,16.7,23.8,26.5,5,13,12.6,63.3,0.82,100,33.33,"rain,freezingrain,snow",0.8,0.2,34,21.6,37.1,1019.3,81.9,7.2,15.4,1.7,1,"Snow, Rain, Freezing Drizzle/Freezing Rain, Partially cloudy",snow
DC,2022-01-17,39.7,34.9,36.9,34.9,23.1,27.4,24.6,63.1,0.04,100,8.33,"rain,snow",0.5,0.9,43.3,27,242.8,993.4,87.8,9.7,39,3.9,2,"Snow, Rain, Partially cloudy",snow
DC,2022-01-18,40.8,30.3,36,36.2,23.8,29.2,19.4,51.2,0,0,0,NA,0.9,0.6,31.9,17.4,256.8,1017,67.6,9.9,45.1,4.6,3,Partially cloudy,snow
DC,2022-01-19,53.9,29.5,42,53.9,21.9,37.6,24.6,51.8,0,0,0,rain,0,0.1,29.8,16.8,200.1,1019.1,69.8,9.9,66,6.5,4,Partially cloudy,partly-cloudy-day
DC,2022-01-20,46.1,28,37.8,43.1,17.5,31.4,28.5,69.8,0.3,100,33.33,"rain,snow",0.2,0.2,19.7,16.6,292.8,1022.1,89.5,9.2,17,1.7,1,"Snow, Rain, Partially cloudy",snow
DC,2022-01-21,26.8,18.9,23.5,16.6,4.6,11.7,6.1,46.8,0,0,0,snow,0,0.1,29,18.7,157.9,1032.9,85.5,9.9,56,5.4,4,Partially cloudy,partly-cloudy-day
DC,2022-01-22,33.9,16.8,25.2,30.1,4.3,17.5,2.8,39.7,0,0,0,NA,0,0,15.9,12.2,269.3,1027.8,46.4,9.9,93.8,9.2,6,Partially cloudy,partly-cloudy-day
DC,2022-01-23,38.9,24.5,31.8,35.5,18.6,27.3,15,50,0,0,0,snow,0,0,13,10.2,176.8,1014,86.1,9.9,40.5,4.3,2,Partially cloudy,partly-cloudy-day
DC,2022-01-24,40.8,30.3,36.5,37.1,23.2,30.8,22.3,56.7,0,0,0,snow,0,0,19.2,13.4,225,1011.7,70.7,9.9,62.5,6.2,4,Partially cloudy,partly-cloudy-day
DC,2022-01-25,48.8,30.7,38.1,43.8,19.3,32.7,23.8,56.8,0,0,0,snow,0,0,30.8,21.1,213,1015.4,87,9.9,51.8,4.5,4,Partially cloudy,partly-cloudy-day
DC,2022-01-26,33.9,23.6,28.3,28.9,14.8,19.2,7.3,40.8,0,0,0,NA,0,0,20.8,17.8,197.4,1028.7,29,9.9,94.3,9.4,6,Partially cloudy,partly-cloudy-day
DC,2022-01-27,35.8,20.2,28.1,30.7,13,22.8,12.1,51.6,0,0,0,snow,0,0,12.8,11.2,136.8,1029.4,42.8,9.9,96.9,9.6,6,Partially cloudy,partly-cloudy-day
DC,2022-01-28,40.7,31.6,34.4,36,22.6,30,24.1,67.6,0.13,100,33.33,snow,0.8,0.3,23.3,15.6,65.3,1018.6,97,6.9,28.8,2.9,2,"Snow, Overcast",snow
DC,2022-01-29,32.9,21.7,25.7,23.4,7.7,12.1,10.4,54.3,0,0,0,snow,0.5,0.9,38.7,25.6,331.5,1012.5,58,9.1,55.6,4.8,4,Partially cloudy,snow
DC,2022-01-30,30.6,18.5,25.2,30.6,7,18,5.6,42.9,0,0,0,NA,0.5,0.7,30.2,18.1,203.5,1019.1,58.3,9.9,61.6,6.4,4,Partially cloudy,snow
DC,2022-01-31,38.6,24.6,30.2,32.7,15.5,23.6,16.6,57,0,0,0,NA,0.1,0.8,17.7,9.9,41.3,1025.6,65.5,9.9,73,6.4,4,Partially cloudy,snow
DC,2022-02-01,42,24.6,32.8,42,16.8,28.6,20.7,61.3,0,0,0,NA,0.7,0.6,13.2,9,43.3,1032.3,26,9.9,91,8,5,Partially cloudy,snow
DC,2022-02-02,47.9,29.1,37.5,44.7,23.8,34.8,30.3,75.8,0,0,0,NA,0,0.1,11.4,7.9,123.9,1029.7,73.3,8,90.5,8.7,5,Partially cloudy,partly-cloudy-day
DC,2022-02-03,57.1,39.9,46.8,57.1,35.8,45.7,44.1,90.5,0.44,100,66.67,rain,0,0,30,16.2,182.8,1022.1,99,5.9,12.2,1.2,0,"Rain, Overcast",rain
DC,2022-02-04,59.1,35,46.6,59.1,25.4,42.1,42,83.9,1.04,100,66.67,"rain,snow",0,0,28.9,19.3,283.1,1013.9,99.9,7,9.2,0.8,0,"Snow, Rain, Overcast",rain
DC,2022-02-05,34.9,26.6,31.2,24.7,17.2,20.8,14.2,49.7,0,0,0,NA,0,0,36.2,23.7,298.7,1027.8,45,9.9,104.9,9.2,6,Partially cloudy,partly-cloudy-day
DC,2022-02-06,38.5,23.6,30.2,38.5,16.6,25.4,10.9,45.4,0,0,0,snow,0,0,11.6,10.4,80,1034.4,31.5,9.9,103.9,8.8,6,Partially cloudy,partly-cloudy-day
DC,2022-02-07,43.8,32.7,37.5,42.4,27.4,33.9,27.4,67.6,0.07,100,25,rain,0,0,11,8.8,135,1024.2,99.1,8.8,37.4,3.7,2,"Rain, Overcast",rain
DC,2022-02-08,48.7,31.7,39.5,46.4,24.7,35.6,22.8,53.5,0,0,0,NA,0,0,18.3,12.6,260.9,1017.7,36.6,9.9,102.5,8.8,6,Partially cloudy,partly-cloudy-day
DC,2022-02-09,54,29.2,41.1,54,23.4,38.6,26.8,58.8,0,0,0,freezingrain,0,0,15.4,11.4,120.5,1016.5,16.9,9.9,106.6,9.2,6,Clear,clear-day
DC,2022-02-10,60.9,36.7,47.9,60.9,30.2,45.7,27.6,48.3,0,0,0,NA,0,0,33.7,18.4,193.8,1012.9,42.6,9.9,71.7,6.2,5,Partially cloudy,partly-cloudy-day
DC,2022-02-11,66.7,33.8,49.2,66.7,30.7,48.4,29.6,52,0,0,0,NA,0,0,30.2,19,158.8,1014,32,9.9,106.9,9.3,6,Partially cloudy,partly-cloudy-day
DC,2022-02-12,60.9,47.9,53.8,60.9,43.4,52.9,31.7,43.1,0,0,0,rain,0,0,21.9,15.4,260.3,1015.8,73.7,9.9,57.9,5.1,3,Partially cloudy,partly-cloudy-day
DC,2022-02-13,45,28.5,34.7,37.6,19.7,26.9,26.3,71.9,0.05,100,20.83,"rain,snow",0.4,0.1,20.8,17.6,267.7,1020.3,84.5,8,18.3,1.5,1,"Snow, Rain, Partially cloudy",snow
DC,2022-02-14,31.7,25.5,28.6,25.7,13.8,19.5,9.6,45.8,0,0,0,NA,0,0,26.4,17.8,310.5,1024.7,60.4,9.9,106.1,9.3,7,Partially cloudy,partly-cloudy-day
DC,2022-02-15,38.1,21.5,30.2,32.4,11.5,24.3,11.4,45.9,0,0,0,NA,0,0,14.8,10.1,194.7,1037.2,32.1,9.9,116.7,10,7,Partially cloudy,partly-cloudy-day
DC,2022-02-16,53.9,28.4,40.4,53.9,22.1,36,27.4,61.2,0,0,0,NA,0,0,21.9,11.6,174.8,1035.4,80.2,9.9,80.6,7,4,Partially cloudy,partly-cloudy-day
DC,2022-02-17,69.9,47.3,57.4,69.9,42.3,56.2,44.4,62.5,0,0,0,rain,0,0,33.9,21.1,189.1,1018.5,86.6,9.9,52.5,4.7,3,Partially cloudy,partly-cloudy-day
DC,2022-02-18,66.8,32.9,48.6,66.8,25.7,43.6,30.8,51.4,0.01,100,4.17,rain,0,0,48.9,32.4,289,1011.3,62.5,9.9,99.6,8.6,5,"Rain, Partially cloudy",rain
DC,2022-02-19,49.8,26.4,35.1,43.8,14.4,27.2,13,42.7,0,0,0,NA,0,0,48.3,29.2,250.6,1020.8,25.6,9.9,109.5,9.5,7,Partially cloudy,partly-cloudy-day
DC,2022-02-20,42.2,22.2,32.2,35.8,13.3,25,9.1,38.4,0,0,0,NA,0,0,24.2,14.4,171.5,1031.1,9,9.9,135.3,11.8,7,Clear,clear-day
DC,2022-02-21,65,31.7,47.1,65,26.9,44.5,23.2,41.1,0,0,0,NA,0,0,15.9,12.6,191.5,1026.3,35,9.9,140.9,12,7,Partially cloudy,partly-cloudy-day
DC,2022-02-22,65.9,44.4,55.6,65.9,44.4,55.5,48.7,77.9,0.06,100,16.67,rain,0,0,40.2,26,178.5,1021.2,91.4,9.2,23.7,2.1,1,"Rain, Overcast",rain
DC,2022-02-23,74.8,44,61.8,74.8,37.7,61,47.4,61.7,0.01,100,4.17,rain,0,0,33.1,25.5,251.9,1018.3,81.8,9.9,102.5,8.8,6,"Rain, Partially cloudy",rain
DC,2022-02-24,42.9,33.1,36.4,34.8,24.7,29.4,26.4,68.9,0.15,100,33.33,"rain,ice",0.6,0.1,21.7,17.5,65.6,1029.2,99.2,7.5,15.1,1.5,0,"Rain, Ice, Overcast",snow
DC,2022-02-25,57.6,33,41,57.6,26.4,35.8,31.4,71.5,0.37,100,16.67,rain,0,0.1,35.4,20.8,234.1,1021.6,84.9,7.2,107.6,9.2,6,"Rain, Partially cloudy",rain
DC,2022-02-26,42.8,33.8,37.6,39.6,24.5,31.1,19.6,48.2,0,0,0,NA,0,0,31.6,19.9,287.2,1030.2,89.4,9.9,109.8,9.4,6,Partially cloudy,partly-cloudy-day
DC,2022-02-27,55.8,35.4,44.8,55.8,31.8,43.2,18.8,39.2,0,0,0,NA,0,0,28.9,16.7,234.5,1020.4,53.6,9.9,142.3,12.2,7,Partially cloudy,partly-cloudy-day
DC,2022-02-28,49.7,36.7,42.8,47.2,29.3,37.9,19.9,40.6,0,0,0,NA,0,0,25.3,14,233.7,1023.3,30.3,9.9,153.5,13.3,7,Partially cloudy,partly-cloudy-day
DC,2022-03-01,55.1,33.2,43.3,55.1,27.9,40.2,30,60.5,0,0,0,NA,0,0,28.4,14.6,164.2,1019.9,80.4,9.9,84.6,7.5,3,Partially cloudy,partly-cloudy-day
DC,2022-03-02,62.7,39.8,50.7,62.7,39.8,49.9,35.3,57.3,0,0,0,NA,0,0,16.6,9.8,127.2,1016,59,9.9,143.6,12.4,7,Partially cloudy,partly-cloudy-day
DC,2022-03-03,56.6,36.9,48.9,56.6,27.7,45.8,25.9,44,0,0,0,rain,0,0,35.1,22.4,304,1018.9,73.5,9.9,134.8,11.7,7,Partially cloudy,partly-cloudy-day
DC,2022-03-04,46.8,28.5,37,43.8,19.1,31.1,13.4,37.9,0,0,0,NA,0,0,21.3,16.2,127.6,1032.9,35.1,9.9,149.8,12.8,7,Partially cloudy,partly-cloudy-day
DC,2022-03-05,60,36.6,47.4,60,32,45.8,33.2,59,0,0,0,NA,0,0,17.2,15.8,140.3,1029.4,78,9.9,132.7,11.6,7,Partially cloudy,partly-cloudy-day
DC,2022-03-06,77.9,49.5,66.4,77.9,46.3,66.1,53,64.1,0,0,0,rain,0,0,33,20.3,211.2,1019.1,83,9.9,56.2,4.9,4,Partially cloudy,partly-cloudy-day
DC,2022-03-07,78.9,58.9,68.7,78.9,58.9,68.7,53.1,58.6,0.03,100,8.33,rain,0,0,47.1,31.3,213,1009.8,82.4,9.8,71.4,6.7,3,"Rain, Partially cloudy",rain
DC,2022-03-08,55,43.9,48.6,55,36.8,44.8,26.5,42.5,0,0,0,NA,0,0,43.7,21.5,247.1,1020,83.3,9.9,145.5,13.6,6,Partially cloudy,partly-cloudy-day
DC,2022-03-09,46.5,40.8,43.2,43.8,33.9,38.6,37.3,80.2,0.66,100,50,rain,0,0,23,12.2,187.9,1015.7,95.1,7.6,17.6,1.6,1,"Rain, Overcast",rain
DC,2022-03-10,51.8,36.5,44.5,51.8,30,41.9,31.6,63.1,0,0,0,rain,0,0,11,12.3,141.5,1021,87.6,9.6,100.8,9.6,5,Partially cloudy,partly-cloudy-day
DC,2022-03-11,61.9,37.3,49.2,61.9,34,47.4,37.9,66.7,0,0,0,NA,0,0,23,14.8,172.4,1016,40.3,9.8,154.7,14.6,8,Partially cloudy,partly-cloudy-day
DC,2022-03-12,48.7,24.9,35.6,48.7,10.8,26,26.6,71,0.47,100,29.17,"rain,snow,ice",1.4,0.4,45.5,26.2,273.4,1004.6,83.8,7.2,7.3,1.4,0,"Snow, Rain, Ice, Partially cloudy",snow
DC,2022-03-13,43,21.7,32,36.6,11,23.3,11.9,43.2,0,0,0,NA,0.6,1.1,32.1,22,233,1024.3,38.7,9.9,136.2,12.6,7,Partially cloudy,snow
DC,2022-03-14,61,32.6,45.5,61,27.3,43.2,28.4,53.3,0,0,0,NA,0,0.5,17.2,12.4,184,1029.1,55.5,9.9,166.8,15.8,8,Partially cloudy,partly-cloudy-day
DC,2022-03-15,71,42.4,54.5,71,38.4,53.3,33.5,47.7,0,0,0,NA,0,0,19,15.3,186.9,1024,49.2,9.9,155.3,14.6,8,Partially cloudy,partly-cloudy-day
DC,2022-03-16,71.8,44.3,57.5,71.8,41.9,57.3,38,51.6,0,0,0,NA,0,0,21.9,15.7,109.3,1021.3,61,9.9,156.5,14.9,8,Partially cloudy,partly-cloudy-day
DC,2022-03-17,60.2,49.8,54.7,60.2,45.7,54.1,49.7,83.8,0.87,100,33.33,rain,0,0,16.3,12.9,129.3,1014.8,96.1,5.8,29.9,3.2,1,"Rain, Overcast",rain
DC,2022-03-18,73.2,47.5,58.5,73.2,45.8,58,50.6,77.9,0,0,0,rain,0,0,27.9,15.9,168,1015.5,58.4,5.7,146.3,13.7,7,Partially cloudy,partly-cloudy-day
DC,2022-03-19,75.7,57.9,65.6,75.7,57.9,65.6,52.1,63.7,0,0,0,rain,0,0,38.4,21.5,204,1008.4,62.6,9.9,87,8.8,5,Partially cloudy,partly-cloudy-day
DC,2022-03-20,64.8,51,56.1,64.8,51,56.1,34.4,44.1,0,0,0,NA,0,0,40.1,25.2,305.5,1013.3,62.3,9.9,90.7,8.5,4,Partially cloudy,partly-cloudy-day
DC,2022-03-21,69,43.7,57.6,69,40.5,56.8,31,37.1,0,0,0,NA,0,0,34.2,14.8,268.1,1021.4,20.7,9.9,150,13.3,7,Partially cloudy,partly-cloudy-day
DC,2022-03-22,70.5,46.5,57.8,70.5,43.2,57.5,38.2,50.6,0,0,0,NA,0,0,13.9,11,85,1021.1,56.1,9.9,154.3,13.4,6,Partially cloudy,partly-cloudy-day
DC,2022-03-23,54.7,48.6,51.7,54.7,43.7,50.9,40.1,66,0.26,100,33.33,rain,0,0,25.1,12.6,69.6,1018,93.7,9.2,36.3,3.2,1,"Rain, Overcast",rain
DC,2022-03-24,57.4,51,54,57.4,51,54,50.6,88.2,0.25,100,12.5,rain,0,0,18.3,10.7,141.8,1009.6,99.6,5.8,33,2.6,2,"Rain, Overcast",rain
DC,2022-03-25,62.3,48.5,55.8,62.3,46.1,55.6,38.6,56.5,0,0,0,NA,0,0,23.7,13.6,258.7,1005.7,79.9,8.3,96,8.5,5,Partially cloudy,partly-cloudy-day
DC,2022-03-26,53.7,42.1,48.7,53.7,36.5,44.7,28.1,45.1,0,0,0,NA,0,0,42.5,18.5,277,1003.1,81.6,9.8,95.5,8.3,4,Partially cloudy,partly-cloudy-day
DC,2022-03-27,44.9,33.9,40.7,36.4,24.2,32.5,19.3,42.4,0,0,0,NA,0,0,40.9,23.9,297.8,1010.1,79.3,9.9,81,6.9,5,Partially cloudy,partly-cloudy-day
DC,2022-03-28,40.8,29.7,34,31.8,18.2,24.5,10.3,37.6,0,0,0,snow,0,0,45.4,23.8,315.6,1017.4,66.7,9.9,122.6,10.5,6,Partially cloudy,partly-cloudy-day
DC,2022-03-29,46.8,25,35.2,43,14,27.6,9.3,34.5,0,0,0,NA,0,0,31.2,17.3,296,1024.6,23.4,9.9,190.3,16.4,8,Partially cloudy,partly-cloudy-day
DC,2022-03-30,57.8,36.3,47,57.8,32.8,46.4,28,48.3,0.02,100,8.33,"rain,snow",0,0,25.3,15,133.8,1020.6,87.9,9.9,111.3,9.5,5,"Snow, Rain, Partially cloudy",rain
DC,2022-03-31,73.9,51.9,63.5,73.9,51.9,63.5,53.4,70.2,0,0,0,rain,0,0,48.8,32.5,180.5,1004,93,9.9,36.2,3.1,2,Overcast,wind
DC,2022-04-01,67.9,46.8,54.1,67.9,40.7,53.2,36.3,52.5,0.17,100,20.83,rain,0,0,46.2,27.4,299.4,1007.8,75.2,9.5,119.5,10.3,7,"Rain, Partially cloudy",rain
DC,2022-04-02,56.9,39.5,48.1,56.9,32.8,44.9,25.5,41.7,0,0,0,NA,0,0,28.7,16.3,225.4,1018.8,55.6,9.9,189.1,16.3,9,Partially cloudy,partly-cloudy-day
DC,2022-04-03,60.4,46.8,51.3,60.4,41.4,49.3,33,51.6,0,0,0,NA,0,0,40.8,22.8,251.4,1011.6,81.9,9.9,117.7,10,7,Partially cloudy,partly-cloudy-day
DC,2022-04-04,55.8,38.5,48.6,55.8,33,46.3,26.9,43.3,0,0,0,NA,0,0,28.7,14,254.8,1017.8,53.7,9.9,106.8,9.1,4,Partially cloudy,partly-cloudy-day
DC,2022-04-05,55.9,48.5,51.6,55.9,45.1,50.8,44.8,78.5,0.63,100,45.83,rain,0,0,24.8,14.4,97,1014.4,97.9,8.1,31,2.7,1,"Rain, Overcast",rain
DC,2022-04-06,60.9,53,56.2,60.9,53,56.2,51.5,84.7,1,100,37.5,rain,0,0,28.2,14.7,159,1006.3,99.4,7.6,41.3,3.6,1,"Rain, Overcast",rain
DC,2022-04-07,54.9,49.7,51.8,54.9,46.2,51.2,48,86.9,0.66,100,50,rain,0,0,27.2,17.6,188.7,1005.1,96.4,6,16,1.3,1,"Rain, Overcast",rain
DC,2022-04-08,62.8,46.5,54.3,62.8,43.1,53.2,37.4,56.1,0.06,100,4.17,rain,0,0,28.7,19.5,230.2,1005.1,55.9,9.7,119.1,10.4,5,"Rain, Partially cloudy",rain
DC,2022-04-09,55.9,43.8,50.3,55.9,40.6,48.9,35.1,58.7,0.13,100,16.67,rain,0,0,29.3,15.8,262.5,1006.3,84.5,9.7,114.8,9.9,6,"Rain, Partially cloudy",rain
DC,2022-04-10,54.9,40.8,47.7,54.9,36.4,43.9,28.2,47.9,0,0,0,NA,0,0,34.3,22.6,298.8,1013.6,56.2,9.9,87.5,7.7,5,Partially cloudy,partly-cloudy-day
DC,2022-04-11,66.2,39.4,52.4,66.2,34.7,51.7,35,53.1,0,0,0,rain,0,0,18.1,11.4,112.2,1019.5,39.5,9.9,174,14.8,8,Partially cloudy,partly-cloudy-day
DC,2022-04-12,78.8,52.7,64.6,78.8,52.7,64.6,48.6,57.8,0,0,0,rain,0,0,19.7,13.8,164.9,1017,74.8,9.9,143.9,12.6,9,Partially cloudy,partly-cloudy-day
DC,2022-04-13,85.8,55.8,70.5,84.3,55.8,70.2,52.6,56.4,0,0,0,NA,0,0,29.6,19,148,1014.1,71.1,9.9,135.9,11.7,6,Partially cloudy,partly-cloudy-day
DC,2022-04-14,82.9,61,72.9,82.1,61,72.8,50.6,46.1,0.03,100,4.17,rain,0,0,38.7,22.9,244.4,1010.1,75.9,9.9,118.7,10.3,6,"Rain, Partially cloudy",rain
DC,2022-04-15,71,49.3,61.6,71,49.3,61.6,32.8,36.9,0,0,0,NA,0,0,27.7,19.1,208.5,1020.2,41.1,9.9,169.3,14.4,9,Partially cloudy,partly-cloudy-day
DC,2022-04-16,78.8,58.8,66.4,78.8,58.8,66.4,41.7,41.6,0,0,0,rain,0,0,35.8,18,201.4,1013.4,77.7,9.9,153.5,13.1,9,Partially cloudy,partly-cloudy-day
DC,2022-04-17,60.7,48.4,53.9,60.7,42.6,53.2,29.4,39.7,0,0,0,rain,0,0,31.9,19.3,231.9,1020.8,56.7,9.9,146.3,12.5,9,Partially cloudy,partly-cloudy-day
DC,2022-04-18,47.7,40.9,44.9,43.1,31.8,39.6,32.1,62.8,0.83,100,41.67,rain,0,0,31.9,19.3,95.9,1021.3,91.4,8.1,19,1.6,1,"Rain, Overcast",rain
DC,2022-04-19,52.9,39.6,46.3,52.9,30.1,42,28.7,53.5,0.01,100,4.17,rain,0,0,38.2,21.7,285,1014.5,83.9,9.9,103.2,8.8,6,"Rain, Partially cloudy",rain
DC,2022-04-20,61,40.5,51.3,61,36,49.6,29.4,44.5,0,0,0,NA,0,0,22.1,11.2,233.4,1029,36.7,9.9,151.9,13.1,9,Partially cloudy,partly-cloudy-day
DC,2022-04-21,66.8,48.4,57.4,66.8,43.3,56.2,41.5,56.2,0,0,0,rain,0,0,25.7,16.6,179.4,1029.8,86.9,9.9,74.6,6.4,3,Partially cloudy,partly-cloudy-day
DC,2022-04-22,75.6,52.3,64.5,75.6,52.3,64.5,43.2,51.2,0,0,0,NA,0,0,19.7,12,176.7,1028.9,64.1,9.9,167.7,14.6,9,Partially cloudy,partly-cloudy-day
DC,2022-04-23,76.9,52.6,64.7,76.9,52.6,64.7,45.8,51.9,0,0,0,NA,0,0,16.1,10.3,105,1025.7,63.6,9.8,118.8,10.2,8,Partially cloudy,partly-cloudy-day
DC,2022-04-24,81.6,54.6,66.1,81.3,54.6,66.1,50.9,59.4,0,0,0,rain,0,0,21.9,13.7,60,1020.5,46.4,9.9,150.4,12.9,8,Partially cloudy,partly-cloudy-day
DC,2022-04-25,71,53.7,60.7,71,53.7,60.7,51.7,72.9,0,0,0,rain,0,0,17,12.2,59.7,1020.3,69.7,9.7,114.6,9.8,8,Partially cloudy,partly-cloudy-day
DC,2022-04-26,70.9,57.7,62,70.9,57.7,62,55,78.2,0.07,100,12.5,rain,0,0,19,16.9,181.3,1017.4,95.6,8.3,44.5,3.8,2,"Rain, Overcast",rain
DC,2022-04-27,61.8,46.8,54.5,61.8,40.4,53.4,29.9,39.4,0,0,0,NA,0,0,39,21,312.9,1018.7,53.4,9.9,130.1,11.3,9,Partially cloudy,partly-cloudy-day
DC,2022-04-28,60,38.7,48.8,60,29.5,44.7,22.9,37.7,0,0,0,NA,0,0,32.2,17.7,324.8,1021.9,49.6,9.9,130.5,11.3,10,Partially cloudy,partly-cloudy-day
DC,2022-04-29,65.8,42.9,54.5,65.8,39.2,53.4,21.9,30.1,0,0,0,NA,0,0,31.1,10.3,309.6,1022.2,33.2,9.9,129.7,11.2,10,Partially cloudy,partly-cloudy-day
DC,2022-04-30,66.9,46,56.5,66.9,42.7,55.7,28.5,36.2,0,0,0,NA,0,0,12.5,9.9,132.1,1021.1,54,9.9,117.5,10,7,Partially cloudy,partly-cloudy-day
DC,2022-05-01,65.9,53.4,58.2,65.9,53.4,58.2,47.6,68.5,0.13,100,8.33,rain,0,0,14.5,8.8,131.6,1018.6,91.3,9.5,36.6,3.3,2,"Rain, Overcast",rain
DC,2022-05-02,79,54.6,66.3,79,54.6,66.3,50.8,60.8,0,0,0,rain,0,0,25.9,11,104.3,1015.8,47.4,9.9,78.7,7,10,Partially cloudy,partly-cloudy-day
DC,2022-05-03,73.8,57.6,63.8,73.8,57.6,63.8,55.1,74.1,0,0,0,rain,0,0,25.3,14.6,91,1017.8,66.1,7.9,66,5.8,4,Partially cloudy,partly-cloudy-day
DC,2022-05-04,73.1,56.7,63.7,73.1,56.7,63.7,57.6,81.1,0.83,100,20.83,rain,0,0,20.8,14.8,136.1,1014.8,92.6,8.5,61.3,5.2,4,"Rain, Overcast",rain
DC,2022-05-05,66.6,58.5,62.8,66.6,58.5,62.8,51.7,67.4,0,0,0,NA,0,0,15.9,12.8,147.1,1018.5,84.1,9.9,46.1,4,2,Partially cloudy,partly-cloudy-day
DC,2022-05-06,62.9,55.9,59.7,62.9,55.9,59.7,55.5,86.2,0.68,100,50,rain,0,0,31.5,23.3,129.4,1010.1,98,8.7,9.9,1,0,"Rain, Overcast",rain
DC,2022-05-07,54.9,46.9,52,54.9,40.7,50.7,48.4,87.4,1.37,100,75,rain,0,0,35.6,20.9,32.9,1005.4,99.8,4.7,13.9,1.2,1,"Rain, Overcast",rain
DC,2022-05-08,56.7,44.7,50.3,56.7,37.2,47,38.5,65.3,0.02,100,4.17,rain,0,0,32.2,19,42.7,1017.5,93.1,9.1,51.2,4.6,2,"Rain, Overcast",rain
DC,2022-05-09,69.9,43.6,57.1,69.9,38.2,56.1,34,46.5,0,0,0,rain,0,0,23,14.4,143.3,1022.6,10.3,9.9,128.4,11.1,10,Clear,clear-day
DC,2022-05-10,72.9,50.5,61.9,72.9,50.5,61.9,35.4,39.2,0,0,0,NA,0,0,26.4,17.7,61.2,1025.5,34.1,9.9,125.8,11,10,Partially cloudy,partly-cloudy-day
DC,2022-05-11,72.8,52.2,63.4,72.8,52.2,63.4,44.5,51,0,0,0,NA,0,0,25.3,17.6,74.3,1024.2,46.1,9.9,95.6,8.5,10,Partially cloudy,partly-cloudy-day
DC,2022-05-12,72.9,57.4,64.6,72.9,57.4,64.6,57.1,77,0,0,0,rain,0,0,22.6,17.4,63.5,1023.6,84.7,9.8,45.5,4,2,Partially cloudy,partly-cloudy-day
DC,2022-05-13,74.6,63.9,67.4,74.6,63.9,67.4,62.5,84.4,0.14,100,4.17,rain,0,0,16.6,12.3,75.3,1021.7,96,8.6,38.8,3.3,1,"Rain, Overcast",rain
DC,2022-05-14,70.8,65.7,68.1,70.8,65.7,68.1,64,86.8,0,0,0,rain,0,0,14.1,8.8,88.3,1016.9,98.9,8.9,28.6,2.4,1,Overcast,cloudy
DC,2022-05-15,80.9,63.9,69.4,82.6,63.9,69.6,63.3,82.2,0.05,100,8.33,rain,0,0,29.3,17.1,173.5,1012.2,72.9,6.3,89.4,7.5,9,"Rain, Partially cloudy",rain
DC,2022-05-16,80.7,64.8,68.9,82.1,64.8,69,61.5,78.9,0.25,100,16.67,rain,0,0,43.3,19.4,207.5,1006.9,72.4,9.3,44.3,3.9,4,"Rain, Partially cloudy",rain
DC,2022-05-17,83.6,56.7,71.2,81.2,56.7,71,46.9,44.8,0.1,100,4.17,rain,0,0,26,19.3,262.9,1011.1,21,9.9,199.6,17.3,9,"Rain, Partially cloudy",rain
DC,2022-05-18,73.9,57.4,66.1,73.9,57.4,66.1,44.9,46.9,0,0,0,NA,0,0,17,9.7,242.5,1015.4,57.1,9.9,88.3,7.6,9,Partially cloudy,partly-cloudy-day
DC,2022-05-19,85.6,60.8,72.3,83.7,60.8,72.1,56.2,60.4,0.04,100,8.33,rain,0,0,28.4,14.5,202.2,1007.9,77.1,9.9,44,3.8,2,"Rain, Partially cloudy",rain
DC,2022-05-20,88.2,66.4,78,93.3,66.4,79.8,64.8,64.6,0,0,0,NA,0,0,23,13.6,173,1011,75.2,9.9,88.8,7.9,7,Partially cloudy,partly-cloudy-day
DC,2022-05-21,91.8,74.6,83.1,95.2,74.6,84.8,66.1,57.2,0,0,0,NA,0,0,23.7,14.3,196.2,1016.1,62.2,9.9,67.1,5.7,5,Partially cloudy,partly-cloudy-day
DC,2022-05-22,88.1,70.9,77.9,93.2,70.9,78.9,67,70.1,1.6,100,20.83,rain,0,0,58.6,28.9,207.8,1017.3,63,9.1,80.7,7,9,"Rain, Partially cloudy",rain
DC,2022-05-23,74.6,62.9,68.3,74.6,62.9,68.3,53.4,60.3,0,0,0,rain,0,0,20.8,16.7,205,1022.2,84.8,9.9,61,5.3,7,Partially cloudy,partly-cloudy-day
DC,2022-05-24,63.9,58.8,61.4,63.9,58.8,61.4,53.6,76.5,0.31,100,37.5,rain,0,0,23,15.4,77.3,1023.7,97,8.4,25.7,2.4,1,"Rain, Overcast",rain
DC,2022-05-25,70.9,57.3,64.6,70.9,57.3,64.6,50.5,61.3,0,0,0,rain,0,0,20.7,14.3,74,1026.4,90.4,9.9,62.7,5.4,2,Overcast,cloudy
DC,2022-05-26,71.9,60.7,66.5,71.9,60.7,66.5,57.7,73.7,0,0,0,rain,0,0,14.1,10,129.8,1023.1,99.9,9.9,38.4,3.2,1,Overcast,cloudy
DC,2022-05-27,79,65.9,70.8,79,65.9,70.8,65.6,83.8,0.32,100,16.67,rain,0,0,44.7,18.9,172,1012,96,9.6,26.7,2.2,1,"Rain, Overcast",rain
DC,2022-05-28,78.7,63.9,71,78.7,63.9,71,58.1,65.7,0.02,100,8.33,rain,0,0,26.1,17.5,252,1010.1,63.9,9.9,65.1,5.8,5,"Rain, Partially cloudy",rain
DC,2022-05-29,82.1,63.4,73.4,81.8,63.4,73.4,58,60.2,0,0,0,NA,0,0,9.4,8,165.9,1017.4,52.1,9.9,76.2,6.6,10,Partially cloudy,partly-cloudy-day
DC,2022-05-30,87.3,67.2,77.2,89.1,67.2,78,64.2,65.7,0,0,0,NA,0,0,11.9,13,175,1019.3,41.8,9.9,72.5,6.3,9,Partially cloudy,partly-cloudy-day
DC,2022-05-31,94.7,71.5,83,95.3,71.5,83.9,65.6,59.8,0,0,0,NA,0,0,17.2,9,224.3,1016.8,46,9.9,88.6,7.6,9,Partially cloudy,partly-cloudy-day
DC,2022-06-01,93.6,75.3,84.6,94.6,75.3,85.8,66.3,56.5,0,0,0,rain,0,0,18.3,14.2,248.7,1012.6,61.1,9.9,70.9,6.2,9,Partially cloudy,partly-cloudy-day
DC,2022-06-02,88,71.7,77.2,92.5,71.7,77.9,68.1,74.5,0.41,100,29.17,rain,0,0,32.7,15,158.1,1007.6,61.9,8.5,94.4,8.1,8,"Rain, Partially cloudy",rain
DC,2022-06-03,79.8,66.7,73.2,79.8,66.7,73.2,55.5,57,0.07,100,4.17,rain,0,0,23.7,15.8,307.3,1009.8,68.7,9.9,72.9,6.3,5,"Rain, Partially cloudy",rain
DC,2022-06-04,84.6,62.1,74.4,81.7,62.1,73.7,49.4,45,0,0,0,NA,0,0,18.3,13.4,273.8,1012.7,38.5,9.9,83.4,7.3,10,Partially cloudy,partly-cloudy-day
DC,2022-06-05,79.6,64.2,71.4,79.6,64.2,71.4,47.3,43.1,0,0,0,NA,0,0,22.1,14.5,95.2,1014.9,37.9,9.9,93.7,8.1,10,Partially cloudy,partly-cloudy-day
DC,2022-06-06,80.8,61,71.6,80.1,61,71.5,49.9,48.4,0,0,0,NA,0,0,20.8,15.9,128.2,1017.2,41.1,9.9,89.6,7.9,10,Partially cloudy,partly-cloudy-day
DC,2022-06-07,80,63.7,71.6,80,63.7,71.6,62.7,74.5,0.16,100,25,rain,0,0,25.8,16.9,172.1,1015.2,87.9,9.4,39,3.3,2,"Rain, Partially cloudy",rain
DC,2022-06-08,86.9,69.4,76.9,90.2,69.4,77.9,66.9,72.9,0.04,100,8.33,rain,0,0,17.2,11.3,157.1,1011.5,72.8,9.8,80.4,7,8,"Rain, Partially cloudy",rain
DC,2022-06-09,82.8,69.8,76.2,82,69.8,76.1,59.5,59.7,0.07,100,12.5,rain,0,0,33.1,23.2,273.8,1007.4,70.9,9.9,89.1,7.6,10,"Rain, Partially cloudy",rain
DC,2022-06-10,81.7,61.5,72.4,80.7,61.5,72.3,52.8,51.3,0,0,0,NA,0,0,16.1,10.9,276.7,1012.6,60.9,9.9,81.1,7.1,10,Partially cloudy,partly-cloudy-day
DC,2022-06-11,73.4,65.8,68.9,73.4,65.8,68.9,59.5,72.6,0.07,100,20.83,rain,0,0,14.5,10,177.8,1014,93.3,9.7,20.8,1.9,1,"Rain, Overcast",rain
DC,2022-06-12,80,66.4,72.4,82.6,66.4,72.5,65,78,0.01,100,4.17,rain,0,0,14.8,12.3,155.3,1013.4,70.9,9.8,51,4.5,5,"Rain, Partially cloudy",rain
DC,2022-06-13,91.8,71.8,81.1,95.2,71.8,83.1,69.3,69.5,0.02,100,8.33,rain,0,0,11.9,10.1,193.5,1013.3,69,9.8,77.8,6.7,8,"Rain, Partially cloudy",rain
DC,2022-06-14,83.6,74.8,78.6,87.3,74.8,79.4,69.6,74.7,0.04,100,4.17,rain,0,0,21.9,15.2,159.6,1012.8,86,9.3,39.3,3.6,2,"Rain, Partially cloudy",rain
DC,2022-06-15,88.7,69.4,79.8,91.2,69.4,81,65.8,64.4,0,0,0,NA,0,0,20.1,12.3,159.5,1017.5,52.3,9.7,75.2,6.5,9,Partially cloudy,partly-cloudy-day
DC,2022-06-16,83.9,73.7,78.5,87.7,73.7,79.7,65.7,65.2,0,0,0,rain,0,0,21.5,15.7,172.3,1018,88,9.9,68.3,5.6,9,Partially cloudy,partly-cloudy-day
DC,2022-06-17,97.6,72.7,84.8,100,72.7,85.8,63.7,53.1,0,0,0,NA,0,0,37.2,16.8,246.6,1008.9,61.4,9.9,44.7,4,2,Partially cloudy,partly-cloudy-day
DC,2022-06-18,78.8,70,74.3,78.8,70,74.3,47.4,39.2,0,0,0,NA,0,0,37.8,27.2,314,1010.3,28.7,9.9,47,4.2,1,Partially cloudy,partly-cloudy-day
DC,2022-06-19,79.8,59.8,70.1,79.8,59.8,70.1,37.5,31.3,0,0,0,NA,0,0,33,21.1,318.6,1018.1,29,9.9,78.5,6.9,10,Partially cloudy,partly-cloudy-day
DC,2022-06-20,82.8,59.2,72.3,80.5,59.2,71.9,40.5,33.2,0,0,0,NA,0,0,21.9,14.6,293.8,1021.8,61.5,9.9,82,7.1,10,Partially cloudy,partly-cloudy-day
DC,2022-06-21,83.7,66,75,82.6,66,74.9,54.5,49.7,0,0,0,NA,0,0,19.7,12.5,210.4,1020.3,84.8,9.9,47.2,4,2,Partially cloudy,partly-cloudy-day
DC,2022-06-22,89.7,70.5,76.5,91.3,70.5,77.1,64.4,67.4,0.51,100,25,rain,0,0,34.4,14.3,146,1013.4,75.5,9.1,69.3,6,8,"Rain, Partially cloudy",rain
DC,2022-06-23,71.8,66.2,69,71.8,66.2,69,63.7,83.4,0.89,100,25,rain,0,0,16.8,12.7,69,1013.3,94.6,8.5,24,2,1,"Rain, Overcast",rain
DC,2022-06-24,80.7,58.6,71.6,82.4,58.6,71.8,62.3,74.8,0,0,0,NA,0,0,7.4,8.8,105.5,1017.3,36.7,8.9,50.7,4.4,2,Partially cloudy,partly-cloudy-day
DC,2022-06-25,87,68.4,77.5,89.8,68.4,78.8,66.1,69.3,0,0,0,NA,0,0,13.9,10.9,177.6,1019.9,49.2,9.9,74.1,6.3,10,Partially cloudy,partly-cloudy-day
DC,2022-06-26,88,71.7,79.5,91.7,71.7,80.7,65.8,63.7,0,0,0,rain,0,0,21.9,15.5,187.3,1018.7,62,9.9,76.8,6.8,9,Partially cloudy,partly-cloudy-day
DC,2022-06-27,81.9,73.8,77.2,82.6,73.8,77.3,65.6,68.3,0.23,100,12.5,rain,0,0,19.7,15.3,255,1015.7,77.8,9.5,42.5,3.4,2,"Rain, Partially cloudy",rain
DC,2022-06-28,80.8,64.1,73.6,80.1,64.1,73.5,49.9,44.3,0,0,0,NA,0,0,24.2,12.6,276,1021.7,47.5,9.9,72.8,6.5,9,Partially cloudy,partly-cloudy-day
DC,2022-06-29,84.8,65.2,75.8,85.4,65.2,76.1,60.3,60,0,0,0,NA,0,0,21.9,14.4,187.9,1023.3,46.5,9.9,76.5,6.7,10,Partially cloudy,partly-cloudy-day
DC,2022-06-30,88.9,72.4,81,89.3,72.4,81.5,64.7,60.4,0,0,0,NA,0,0,9.4,9.8,167.7,1022.2,28.2,9.9,75.8,6.3,10,Partially cloudy,partly-cloudy-day
DC,2022-07-01,90,73.6,82.3,97.1,73.6,85.5,70.3,68.1,0,0,0,rain,0,0,18.3,14.6,191.3,1017.9,56.1,9.9,62.9,5.4,9,Partially cloudy,partly-cloudy-day
DC,2022-07-02,88.9,75.6,82.4,97.5,75.6,86.2,71,68.8,0,0,0,rain,0,0,31.1,15.4,184.9,1014.2,82.6,9.9,75.3,6.1,9,Partially cloudy,partly-cloudy-day
DC,2022-07-03,87.9,74.6,79.5,87.1,74.6,79.4,64.9,63.8,0.49,100,12.5,rain,0,0,14.1,12.5,227.7,1016.8,67.6,9.5,43.2,3.5,2,"Rain, Partially cloudy",rain
DC,2022-07-04,87.7,70.3,79,85.3,70.3,78.2,56,47.7,0,0,0,rain,0,0,15,9.2,144.2,1021,40.5,9.9,81.6,6.8,10,Partially cloudy,partly-cloudy-day
DC,2022-07-05,85.7,72.4,78.9,95.3,72.4,82,69.7,73.6,0.1,100,8.33,rain,0,0,24.2,15.8,191.5,1016.1,82.6,9.7,36,3.2,1,"Rain, Partially cloudy",rain
DC,2022-07-06,92.7,74.6,83.9,98.1,74.6,86.9,68.9,61.9,0,0,0,rain,0,0,18.3,10,214.6,1012,74.5,9.9,49,4.4,2,Partially cloudy,partly-cloudy-day
DC,2022-07-07,80.7,73.9,77.7,84,73.9,78.1,69.8,77.1,0.02,100,8.33,rain,0,0,13.9,14.3,89.4,1014,89.6,9.7,30.5,2.4,1,"Rain, Partially cloudy",rain
DC,2022-07-08,86.9,71.4,79.1,91.3,71.4,81,69,72.2,0,0,0,rain,0,0,9.4,10,143.4,1016,85,9.9,52.5,4.6,3,Partially cloudy,partly-cloudy-day
DC,2022-07-09,78.7,70.8,72.7,78.7,70.8,72.7,67.8,84.6,2.17,100,45.83,rain,0,0,29.8,17.6,86,1016.1,98.3,7.9,13.1,1,0,"Rain, Overcast",rain
DC,2022-07-10,80.7,70.7,75.3,81.4,70.7,75.4,62.6,66.3,0,0,0,rain,0,0,11,9.5,141.5,1017.3,80,9.9,57.1,4.9,3,Partially cloudy,partly-cloudy-day
DC,2022-07-11,82.9,67.1,75.2,82.5,67.1,75.1,58.4,58.5,0,0,0,NA,0,0,18.3,13.3,161.8,1014.7,17.6,9.9,76.7,6.5,10,Clear,clear-day
DC,2022-07-12,91,69.9,77.5,96,69.9,78.9,66.9,71.5,0.4,100,12.5,rain,0,0,51,18,192.9,1010.3,34.6,9.9,98.5,8.4,9,"Rain, Partially cloudy",rain
DC,2022-07-13,89.7,70.9,80.2,91.7,70.9,81.6,67.3,67.3,0,0,0,rain,0,0,15.9,15.6,209.5,1012.5,80.7,9.9,78.7,6.8,9,Partially cloudy,partly-cloudy-day
DC,2022-07-14,87.8,70.9,79.9,87.6,70.9,80.3,64.2,60.3,0,0,0,NA,0,0,23,13.1,256,1015.9,56.6,9.9,66.5,5.8,9,Partially cloudy,partly-cloudy-day
DC,2022-07-15,89.4,72.6,80.8,89.2,72.6,81,63.9,58.6,0,0,0,NA,0,0,9.2,10,134,1019.3,53.4,9.9,70.6,6,9,Partially cloudy,partly-cloudy-day
DC,2022-07-16,86.8,71.7,77.8,91,71.7,78.7,68.3,74,1.3,100,16.67,rain,0,0,27.7,17.8,150.2,1018.2,79.8,9.4,39.8,3.4,2,"Rain, Partially cloudy",rain
DC,2022-07-17,85.7,72.7,78.2,93.6,72.7,80.3,70.4,77.6,0.01,100,4.17,rain,0,0,15.7,8.8,179.3,1016.3,82.1,9.8,38.3,3.2,1,"Rain, Partially cloudy",rain
DC,2022-07-18,91,75.5,81.5,99.7,75.5,84.9,71.6,72.8,0,0,0,rain,0,0,27,16.5,169,1012.4,84.5,9.9,44.4,3.8,3,Partially cloudy,partly-cloudy-day
DC,2022-07-19,89.8,76.8,83,91.8,76.8,85,67.1,59.6,0,0,0,rain,0,0,12.1,9.8,271.6,1011.4,65.8,9.9,76.6,6.6,9,Partially cloudy,partly-cloudy-day
DC,2022-07-20,91.1,74.5,83.4,97,74.5,86.8,70,65.6,0,0,0,NA,0,0,20.8,13.6,182,1009.5,19.7,9.9,67.9,5.9,9,Clear,clear-day
DC,2022-07-21,93.5,79.9,85.1,100.6,79.9,90.1,71.8,65.4,0.05,100,4.17,rain,0,0,43.4,15.1,214.8,1006.7,68.4,9.6,55.4,4.9,5,"Rain, Partially cloudy",rain
DC,2022-07-22,93.6,76.4,85.3,97,76.4,87.5,66.9,55.6,0,0,0,NA,0,0,21.9,14.2,222.8,1013,54.5,9.9,275,23.6,10,Partially cloudy,partly-cloudy-day
DC,2022-07-23,94.8,77.5,85.6,99.5,77.5,88.1,67.2,55.7,0,0,0,rain,0,0,33.2,16.2,201,1017,48.5,9.9,98.3,8.3,9,Partially cloudy,partly-cloudy-day
DC,2022-07-24,93.8,76,84.4,101.7,76,88.1,68.2,59,0,0,0,NA,0,0,22.4,15.2,177.6,1016.8,70.8,9.7,92.2,7.9,8,Partially cloudy,partly-cloudy-day
DC,2022-07-25,89.8,76.6,82.3,98.3,76.6,85.9,71.6,70.8,0.12,100,4.17,rain,0,0,40.3,14.4,196.7,1013.9,83.9,9.9,44.3,3.8,2,"Rain, Partially cloudy",rain
DC,2022-07-26,79,74.8,77.2,79,74.8,77.2,68.1,74.1,0,0,0,rain,0,0,12.8,9.8,133.2,1016.3,92.5,9.9,19.3,1.8,1,Overcast,cloudy
DC,2022-07-27,87.1,74.5,81,93.6,74.5,84,70.1,70.2,0,0,0,rain,0,0,21.9,12.1,121.3,1014.1,87,9.9,65.5,5.6,7,Partially cloudy,partly-cloudy-day
DC,2022-07-28,91.8,74.7,83.1,98.8,74.7,86.1,70.8,67.9,0.19,100,4.17,rain,0,0,41,14.8,174.8,1012,78.3,9.9,44.2,3.8,2,"Rain, Partially cloudy",rain
DC,2022-07-29,88.7,73.4,79.4,93.2,73.4,81.2,70.5,75.5,0,0,0,rain,0,0,11,11.4,178,1013.6,75,9.9,27.9,2.4,1,Partially cloudy,partly-cloudy-day
DC,2022-07-30,87,73,80.1,86.4,73,79.9,62.5,57.6,0.02,100,4.17,rain,0,0,16.8,11.1,305,1018.9,77.4,9.9,77.7,6.8,9,"Rain, Partially cloudy",rain
DC,2022-07-31,84.7,71.7,76.9,86.5,71.7,77.5,65.1,67.8,0.45,100,12.5,rain,0,0,31.1,9.8,159.3,1020.9,80.3,9.5,30.3,2.5,2,"Rain, Partially cloudy",rain
DC,2022-08-01,88.6,72.8,79.1,91.2,72.8,80.6,67.2,68.2,0,0,0,rain,0,0,17.2,10.9,211.5,1014.7,79.3,9.8,71.5,6.2,9,Partially cloudy,partly-cloudy-day
DC,2022-08-02,91.7,74.7,83.3,94.2,74.7,84.8,68,62.9,0.47,100,8.33,rain,0,0,51.7,13.4,260.3,1012,56.1,9.9,78,6.7,9,"Rain, Partially cloudy",rain
DC,2022-08-03,91,74.3,82.9,93.5,74.3,83.9,64.5,55.1,0,0,0,NA,0,0,13.4,12,208.6,1015.9,24.3,9.9,96,8.5,9,Partially cloudy,partly-cloudy-day
DC,2022-08-04,94,74.7,82.4,104.4,74.7,85.7,71.5,71,0.57,100,20.83,rain,0,0,51,24.7,187.5,1017.9,40.2,9.2,77.4,6.7,9,"Rain, Partially cloudy",rain
DC,2022-08-05,90.9,73.6,79.1,99.5,73.6,81.1,70.9,77.2,0.14,100,16.67,rain,0,0,29.8,13,165.2,1021.2,76.6,9.8,64,5.4,8,"Rain, Partially cloudy",rain
DC,2022-08-06,87.9,73.6,80.3,95.8,73.6,83.5,70.7,73.5,0,0,0,NA,0,0,25.3,16.2,192.3,1023,82.2,9.9,69,5.9,10,Partially cloudy,partly-cloudy-day
DC,2022-08-07,89.1,75.5,82.2,97.7,75.5,86.2,71.7,71.4,0,0,0,NA,0,0,17.2,15.7,184.5,1021.8,67.4,9.9,82.6,7.3,9,Partially cloudy,partly-cloudy-day
DC,2022-08-08,91.9,77.8,83.4,103.7,77.8,89.4,74.3,74.7,0,0,0,NA,0,0,26.4,14.7,176.3,1017.2,41.4,9.9,71.7,6.2,9,Partially cloudy,partly-cloudy-day
DC,2022-08-09,95.7,76.6,85.9,105.3,76.6,92,72.8,66.4,0,0,0,NA,0,0,26.6,13.3,220.6,1015.2,46.8,9.9,63.3,5.7,9,Partially cloudy,partly-cloudy-day
DC,2022-08-10,90.9,73.8,81.3,102.2,73.8,84.8,72.5,75.8,0.54,100,20.83,rain,0,0,41.4,11.2,216.6,1017,77.6,9.2,71.1,6.4,8,"Rain, Partially cloudy",rain
DC,2022-08-11,86.9,73,79.3,86.9,73,79.6,66.3,67.5,0,0,0,rain,0,0,24.2,14.3,278.8,1014.6,76.4,9.9,85.6,7.4,8,Partially cloudy,partly-cloudy-day
DC,2022-08-12,83.7,70.3,77.2,83,70.3,77,57.3,51.6,0,0,0,rain,0,0,25.1,16.1,271,1016.4,58.8,9.9,44.7,3.9,4,Partially cloudy,partly-cloudy-day
DC,2022-08-13,83.5,63.4,74,81.5,63.4,73.7,51.4,47,0,0,0,NA,0,0,14.5,12,195.1,1019.6,28,9.9,73.7,6.2,10,Partially cloudy,partly-cloudy-day
DC,2022-08-14,82.8,69.7,74.5,82.2,69.7,74.4,58,57.7,0.02,100,8.33,rain,0,0,10.5,12.2,204.6,1017.4,85.4,9.8,55.9,4.9,7,"Rain, Partially cloudy",rain
DC,2022-08-15,75.8,67.9,71.2,75.8,67.9,71.2,64,78.4,0.11,100,12.5,rain,0,0,14.1,10.6,167,1015.3,91.9,9.7,38.3,3.6,4,"Rain, Overcast",rain
DC,2022-08-16,81.8,66.7,74.2,81.6,66.7,74.2,59.6,63,0,0,0,NA,0,0,27.2,14.9,134.7,1015.5,60.6,9.9,84.2,7.1,9,Partially cloudy,partly-cloudy-day
DC,2022-08-17,84.5,65.3,73.4,84.2,65.3,73.4,61.2,67.6,0.02,100,4.17,rain,0,0,28.5,13,157.9,1016,63.3,9.9,54.5,4.8,3,"Rain, Partially cloudy",rain
DC,2022-08-18,86.7,64.4,75.3,85.6,64.4,75.2,59.7,61.3,0,0,0,NA,0,0,17.2,12.1,245.1,1015.1,18.3,9.9,55.3,4.7,3,Clear,clear-day
DC,2022-08-19,87,70.3,78.5,91.1,70.3,79.7,67.3,69.8,0,0,0,NA,0,0,15.7,13.5,157.2,1018.1,46.8,9.9,56.4,4.7,5,Partially cloudy,partly-cloudy-day
DC,2022-08-20,88.6,71.2,79.4,91.6,71.2,80.6,67.1,67.3,0,0,0,NA,0,0,12.1,11.1,173.8,1020.5,59.1,9.9,85.3,7.4,9,Partially cloudy,partly-cloudy-day
DC,2022-08-21,80.8,72.5,76,84.2,72.5,76.2,70.9,84.4,0.08,100,8.33,rain,0,0,14.1,12,164.4,1018.3,66.3,9.9,20.8,1.9,1,"Rain, Partially cloudy",rain
DC,2022-08-22,84.7,72.9,77.5,89.2,72.9,78.5,71.2,82,0.03,100,4.17,rain,0,0,13.9,10.2,176.3,1012.2,86.1,9.9,72,6.4,9,"Rain, Partially cloudy",rain
DC,2022-08-23,88.6,72.6,79.4,89.5,72.6,79.9,63.9,60.6,0,0,0,NA,0,0,21.9,15.2,317.6,1011.8,36,9.9,73.5,6.5,9,Partially cloudy,partly-cloudy-day
DC,2022-08-24,88.9,69.6,79.6,90.2,69.6,80,62.4,57.2,0,0,0,NA,0,0,20.8,12.4,247.2,1016,25.2,9.9,79.4,6.8,8,Partially cloudy,partly-cloudy-day
DC,2022-08-25,89,67.8,80,93.5,67.8,81.9,67.6,67,0,0,0,rain,0,0,14.8,14.6,176.2,1017.6,70,9.9,40.3,3.4,3,Partially cloudy,partly-cloudy-day
DC,2022-08-26,92.6,73.8,82.2,93.5,73.8,83.7,68.5,66.5,0,0,0,rain,0,0,18.3,11.1,210.9,1014.7,49.7,9.4,60.9,5.4,8,Partially cloudy,partly-cloudy-day
DC,2022-08-27,90.7,73.5,81.5,93.4,73.5,83.3,68.3,65.5,0,0,0,rain,0,0,19.7,11.1,187,1015.6,59.8,9.9,64.8,5.6,5,Partially cloudy,partly-cloudy-day
DC,2022-08-28,90.9,73.5,81.8,96.5,73.5,84.9,70.8,70.4,0,0,0,rain,0,0,13.4,8.9,107.4,1018.5,54.5,9.9,190.4,16.4,9,Partially cloudy,partly-cloudy-day
DC,2022-08-29,91.7,74.5,82.4,98.6,74.5,85.6,71.8,72.1,0,0,0,rain,0,0,13.2,13.6,160.5,1018.8,47,9.9,237.9,20.7,8,Partially cloudy,partly-cloudy-day
DC,2022-08-30,93.7,73.9,80.3,99.8,73.9,82.2,71.7,77.3,0.15,100,8.33,rain,0,0,28.8,16.1,214,1012.6,52.4,9.6,227,19.7,9,"Rain, Partially cloudy",rain
DC,2022-08-31,85.7,69.8,77.7,84.5,69.8,77.5,60.5,58.2,0,0,0,NA,0,0,26.1,14.9,296.4,1012.6,34.1,9.9,254,22,9,Partially cloudy,partly-cloudy-day
DC,2022-09-01,89.7,65.4,78.6,87.5,65.4,78.2,57.2,50,0,0,0,NA,0,0,18.3,10.3,285.6,1016.1,18.7,9.9,279.8,24.2,9,Clear,clear-day
DC,2022-09-02,87.8,69.6,78.1,87.6,69.6,78.4,62.1,59.1,0,0,0,NA,0,0,15.9,12.3,125.6,1021.6,50.6,9.9,254.5,22,9,Partially cloudy,partly-cloudy-day
DC,2022-09-03,88.7,70.7,78.8,91.8,70.7,80,66.1,66.5,0,0,0,rain,0,0,14.3,10.2,127.1,1023.3,72.1,9.9,172.6,14.9,7,Partially cloudy,partly-cloudy-day
DC,2022-09-04,89.8,71.5,79.9,94.5,71.5,81.5,67.5,67.4,0,0,0,NA,0,0,17.2,12.4,176.5,1019.9,67.4,9.9,230.2,19.8,8,Partially cloudy,partly-cloudy-day
DC,2022-09-05,86.9,73.7,79,91.1,73.7,80.4,68.8,71.5,0.08,100,4.17,rain,0,0,13.2,12.4,176.6,1017.8,87.6,9.9,122.2,10.5,5,"Rain, Partially cloudy",rain
DC,2022-09-06,85.7,72.9,77.4,89.7,72.9,78.4,70.7,80.7,0.68,100,29.17,rain,0,0,19.7,14.6,193,1013.9,88.1,8.6,164.1,14.2,8,"Rain, Partially cloudy",rain
DC,2022-09-07,76.8,70.8,73,76.8,70.8,73,68.4,85.5,0.03,100,12.5,rain,0,0,26.4,16,39.8,1014.3,94.1,9.5,42.8,3.8,2,"Rain, Overcast",rain
DC,2022-09-08,80.7,69.8,73.5,81.9,69.8,73.5,63.7,72.6,0,0,0,NA,0,0,12.1,10,62.5,1013.3,84.9,9.9,219.7,19.2,8,Partially cloudy,partly-cloudy-day
DC,2022-09-09,82.9,65.2,73.8,82.8,65.2,73.8,60.7,66.7,0,0,0,rain,0,0,19.7,13.5,94.3,1017.1,18.6,9.9,255,22,9,Clear,clear-day
DC,2022-09-10,81.8,64.5,73.4,83.6,64.5,73.6,64.1,73.9,0,0,0,rain,0,0,12.1,9.9,78.8,1022.9,73.9,9.8,171.6,14.8,6,Partially cloudy,partly-cloudy-day
DC,2022-09-11,80.8,71.8,75.4,85.9,71.8,76,71.2,87.1,0.62,100,20.83,rain,0,0,21,10,144.9,1018,94.5,8.7,58.9,4.9,4,"Rain, Overcast",rain
DC,2022-09-12,83.8,73,76.6,89.3,73,77.5,72.1,86.3,0.1,100,8.33,rain,0,0,20.8,7.8,209.6,1010.5,94.3,9.7,158.3,13.6,8,"Rain, Overcast",rain
DC,2022-09-13,81.9,70.8,75.2,81.7,70.8,75.1,60.4,62.8,0,0,0,rain,0,0,24.2,15.9,293.2,1009.9,71.3,9.9,195.4,17.1,7,Partially cloudy,partly-cloudy-day
DC,2022-09-14,79.8,60.9,71.1,79.8,60.9,71.1,56.1,60.3,0,0,0,NA,0,0,24.2,11.4,301.4,1016.9,35,9.9,251.2,21.7,8,Partially cloudy,partly-cloudy-day
DC,2022-09-15,81.9,65.6,72.3,82.3,65.6,72.3,58.5,63.3,0,0,0,NA,0,0,19.6,13.5,256.8,1021.3,29.7,9.9,227.5,19.4,8,Partially cloudy,partly-cloudy-day
DC,2022-09-16,80.8,58.6,69.9,80.4,58.6,69.8,55.4,62.5,0,0,0,NA,0,0,6.9,7.7,181.5,1022.8,10.7,9.8,248.4,21.4,8,Clear,clear-day
DC,2022-09-17,82,63.5,71.7,81.9,63.5,71.7,60.2,69.4,0,0,0,rain,0,0,11.6,10.1,133.3,1023.3,33.9,9,244.3,21.2,8,Partially cloudy,partly-cloudy-day
DC,2022-09-18,83,63.7,73.2,84.7,63.7,73.6,62.7,71.3,0,0,0,NA,0,0,11.9,11.2,196.4,1019.5,28.9,9.9,242.4,20.9,8,Partially cloudy,partly-cloudy-day
DC,2022-09-19,87.9,67.5,76.5,88.3,67.5,76.8,63.7,66.7,0,0,0,NA,0,0,25,15.7,215.6,1014.8,42.1,9.9,184.7,15.9,8,Partially cloudy,partly-cloudy-day
DC,2022-09-20,84.7,68.7,76.8,84.2,68.7,76.6,60.5,59.8,0,0,0,NA,0,0,24.9,13.9,250.1,1014.3,46.3,9.9,240.1,20.6,8,Partially cloudy,partly-cloudy-day
DC,2022-09-21,85.8,64.7,75.1,85.7,64.7,75.2,60.5,62.1,0,0,0,NA,0,0,18.3,11,197.8,1014.1,59.5,9.9,233.1,20,8,Partially cloudy,partly-cloudy-day
DC,2022-09-22,79.9,62.8,73.2,79.9,62.8,73.2,58.9,62.6,0.04,100,4.17,rain,0,0,39.6,22.6,266.4,1007.2,69.9,9.7,125.1,10.8,7,"Rain, Partially cloudy",rain
DC,2022-09-23,69.8,53.8,61.4,69.8,53.8,61.4,39.9,46.5,0,0,0,NA,0,0,29.4,18,325.7,1016.9,23.1,9.9,241.9,21.2,8,Partially cloudy,partly-cloudy-day
DC,2022-09-24,69.1,52.4,61.3,69.1,52.4,61.3,43.8,53.8,0,0,0,NA,0,0,11.6,10,241.9,1018.3,61.1,9.9,227.2,19.8,8,Partially cloudy,partly-cloudy-day
DC,2022-09-25,79.9,59.5,67.9,79.9,59.5,67.9,56.5,67.9,0.01,100,4.17,rain,0,0,24.9,17.1,219.8,1007.7,77.9,9.9,97,8.4,7,"Rain, Partially cloudy",rain
DC,2022-09-26,78.7,60.3,68.9,78.7,60.3,68.9,52.4,59.4,0,0,0,NA,0,0,26.3,13.4,237.8,1007.7,53.1,9.9,179.3,15.5,7,Partially cloudy,partly-cloudy-day
DC,2022-09-27,72.8,54.9,64.8,72.8,54.9,64.8,41.1,43.8,0,0,0,NA,0,0,22.8,11.9,252.6,1013.6,56,26.4,227.3,19.8,8,Partially cloudy,partly-cloudy-day
DC,2022-09-28,69,48.8,59.8,69,46.5,59.7,42.1,53.4,0,19,0,NA,0,0,21.7,10.5,288.7,1021.2,38.2,22.4,232.3,20.4,8,Partially cloudy,partly-cloudy-day
DC,2022-09-29,68.1,50.8,59.4,68.1,50.8,59.4,43.2,57.5,0,0,0,NA,0,0,24.4,10.3,140.4,1027,84.8,15,220.6,19,7,Partially cloudy,partly-cloudy-day
DC,2022-09-30,67.9,52.1,60.2,67.9,52.1,60.2,45.8,59.5,0,14.3,0,NA,0,0,16.6,8.5,55.9,1025.5,99.8,15,128.9,10.9,5,Overcast,cloudy
DC,2022-10-01,60.7,58.2,59.5,60.7,58.2,59.5,54,82.5,0.11,61.9,12.5,rain,0,0,17.9,6.5,39,1021.2,100,14,18.9,1.5,1,"Rain, Overcast",rain
DC,2022-10-02,63.8,56.7,60.2,63.8,56.7,60.2,54.8,83,0.24,71.4,16.67,rain,0,0,25.7,11.9,63.5,1020.9,100,13.4,30.3,2.6,1,"Rain, Overcast",rain
DC,2022-10-03,61.1,53.5,55.7,61.1,53.5,55.7,52.2,88,0.29,52.4,20.83,rain,0,0,28.9,11.9,39.3,1018.4,100,12.8,18.5,1.5,1,"Rain, Overcast",rain
DC,2022-10-04,61.4,53.5,56.3,61.4,53.5,56.3,49.4,77.9,0,28.6,0,NA,0,0,25.3,9.4,125.3,1009.8,90.5,15,43.3,3.6,1,Overcast,cloudy
DC,2022-10-05,63.8,51.5,56,63.8,51.5,56,49.2,79.2,0.16,28.6,12.5,rain,0,0,33.1,16.6,238.3,1002.7,70.1,12.5,72.3,6.1,3,Partially cloudy,partly-cloudy-day
DC,2022-10-06,64.1,48.1,54.6,64.1,42,52.7,34.2,47.3,0,38.1,0,NA,0,0,40.7,16.6,290.9,1012.5,32.8,15,203.6,17.7,7,Partially cloudy,partly-cloudy-day
DC,2022-10-07,72.4,48.5,59,72.4,46.4,58.5,36.3,44.2,0,19,0,NA,0,0,23.5,10.3,230,1018.5,2.8,15,207.4,17.8,7,Clear,clear-day
DC,2022-10-08,63.4,45.8,54.4,63.4,42.4,53.7,31.3,42.5,0,9.5,0,NA,0,0,22,9.3,86.3,1023,18.2,15,209.6,17.7,7,Clear,clear-day
DC,2022-10-09,70.6,51.7,60.9,70.6,51.7,60.9,48.2,63.9,0.01,4.8,4.17,rain,0,0,29.5,12.1,186.4,1017.1,83.8,14.7,137.3,12,4,Partially cloudy,partly-cloudy-day
DC,2022-10-10,71.7,58,64.7,71.7,58,64.7,45.9,54.6,0.04,9.5,4.17,rain,0,0,34,11.9,273.3,1010.9,30.3,14.8,204.3,17.4,7,Partially cloudy,partly-cloudy-day
DC,2022-10-11,63.4,48.8,55.7,63.4,45.7,55.4,32.7,43.2,0,14.3,0,NA,0,0,22.1,10.5,300.5,1012.3,22.3,15,199.6,17.4,7,Partially cloudy,partly-cloudy-day
