name,datetime,tempmax,tempmin,temp,feelslikemax,feelslikemin,feelslike,dew,humidity,precip,precipprob,precipcover,preciptype,snow,snowdepth,windgust,windspeed,winddir,sealevelpressure,cloudcover,visibility,solarradiation,solarenergy,uvindex,conditions,icon
DC,2020-09-01,81.7,68.9,74.2,85,68.9,74.5,68.1,81.8,0.09,100,4.17,rain,0,0,NA,8.7,76.1,1017.3,72,9.7,67.9,5.9,3,"Rain, Partially cloudy",rain
DC,2020-09-02,87.1,74.6,79.6,96.5,74.6,83.4,73.7,82.7,0.02,100,8.33,rain,0,0,17.2,15.4,192,1012.5,66.2,9.8,78.6,6.7,4,"Rain, Partially cloudy",rain
DC,2020-09-03,90.9,76.4,81.6,101.5,76.4,85,74.3,79.6,0.37,100,8.33,rain,0,0,29.8,21,131.5,1009.8,47.8,9.6,93.9,8,5,"Rain, Partially cloudy",rain
DC,2020-09-04,89.8,72.8,80.2,92.5,72.8,81.7,69.5,71.9,0.01,100,4.17,rain,0,0,25.3,14.2,252.7,1013.1,34.9,9.9,35.7,3.1,1,"Rain, Partially cloudy",rain
DC,2020-09-05,80.9,64,73.1,80.6,64,73,54.3,53.8,0,0,0,NA,0,0,NA,9.9,236.3,1022.7,35,9.9,72.7,6.2,5,Partially cloudy,partly-cloudy-day
DC,2020-09-06,82.8,62.5,72.8,82.6,62.5,72.9,59.8,65.5,0,0,0,NA,0,0,NA,10.8,153.5,1022.1,17.7,9.9,69.1,5.9,5,Clear,clear-day
DC,2020-09-07,82.8,64.4,73.3,83.8,64.4,73.5,61.3,67.6,0,0,0,NA,0,0,NA,9.1,151.1,1018.5,41.9,9.9,66.7,5.7,4,Partially cloudy,partly-cloudy-day
DC,2020-09-08,85.7,65.5,75.8,87.8,65.5,76.8,65.8,72.3,0,0,0,NA,0,0,NA,7.5,74.2,1019.9,50.8,9.9,63.7,5.5,4,Partially cloudy,partly-cloudy-day
DC,2020-09-09,78.8,72.8,75.4,78.8,72.8,75.4,72.1,89.5,0.66,100,33.33,rain,0,0,NA,15.8,44.6,1023.5,75.2,8.5,38.6,3.4,1,"Rain, Partially cloudy",rain
DC,2020-09-10,79.9,75.6,77.2,79.9,75.6,77.2,74.8,92.2,2.67,100,29.17,rain,0,0,17.2,9.2,95.3,1022,77.5,7.6,43.6,3.7,2,"Rain, Partially cloudy",rain
DC,2020-09-11,79.9,74.6,76.7,79.9,74.6,76.7,71,83.1,0,0,0,NA,0,0,20.8,15.6,144.4,1020.7,84.5,9.7,41.2,3.5,1,Partially cloudy,partly-cloudy-day
DC,2020-09-12,74.8,66.4,71.5,74.8,66.4,71.5,63.4,76.2,0,0,0,NA,0,0,19.7,11,74.8,1023.1,73,9.9,47,4.2,2,Partially cloudy,partly-cloudy-day
DC,2020-09-13,80,61.7,71.5,82.2,61.7,71.6,62.8,74.8,0,0,0,NA,0,0,NA,11.1,125.7,1019.6,32.2,9.9,59.6,5.1,3,Partially cloudy,partly-cloudy-day
DC,2020-09-14,78.9,66.2,73.8,78.9,66.2,73.8,61.3,66.6,0,0,0,NA,0,0,29.8,15.5,200.9,1020.7,57.8,9.9,69,6.1,3,Partially cloudy,partly-cloudy-day
DC,2020-09-15,69.8,55.5,62.6,69.8,55.5,62.6,47.4,58.3,0,0,0,NA,0,0,25.3,14.1,51.4,1026.4,68.2,9.9,64.5,5.7,3,Partially cloudy,partly-cloudy-day
DC,2020-09-16,73.1,55.5,64.3,73.1,55.5,64.3,55.1,73.4,0,0,0,NA,0,0,NA,9.9,159.8,1023,62.6,9.9,134.7,11.8,6,Partially cloudy,partly-cloudy-day
DC,2020-09-17,73.1,65.6,69.3,73.1,65.6,69.3,62.9,80.5,0.37,100,29.17,rain,0,0,NA,8.5,67.3,1016.8,78.5,9.2,52.3,4.5,2,"Rain, Partially cloudy",rain
DC,2020-09-18,74.7,63.7,68.7,74.7,63.7,68.7,59.2,73.4,0.09,100,16.67,rain,0,0,29.3,18.4,131.1,1014.9,64.7,9.3,126.5,10.9,4,"Rain, Partially cloudy",rain
DC,2020-09-19,65.7,49.6,58.2,65.7,44.6,58,36.8,45.9,0,0,0,NA,0,0,27.7,18.6,84.1,1026.4,29.9,9.9,193.9,16.7,7,Partially cloudy,partly-cloudy-day
DC,2020-09-20,68.8,46.6,57.7,68.8,43.2,57,41.9,58.5,0,0,0,NA,0,0,18.3,13.5,146.7,1031.4,16.3,9.9,190.2,16.4,7,Clear,clear-day
DC,2020-09-21,66.6,49.3,57.8,66.6,46,57.3,40.8,55.4,0,0,0,NA,0,0,21.8,13.4,89.5,1032.9,17.3,9.9,191.8,16.6,7,Clear,clear-day
DC,2020-09-22,71.8,47.4,59.4,71.8,45,59.2,43.2,58.1,0,0,0,NA,0,0,19.7,10.2,257.9,1022.5,11.9,9.9,185.5,16,6,Clear,clear-day
DC,2020-09-23,80,55.7,67.8,80,55.7,67.8,49.8,54.1,0,0,0,NA,0,0,21.7,11.1,271.5,1015.8,46.7,9.9,183.7,15.9,6,Partially cloudy,partly-cloudy-day
DC,2020-09-24,71.8,60.8,66.2,71.8,60.8,66.2,58.7,77.1,0,0,0,NA,0,0,NA,9.9,173.1,1016.4,76.3,9.9,53.4,4.7,2,Partially cloudy,partly-cloudy-day
DC,2020-09-25,68,61.7,64.7,68,61.7,64.7,60.8,87.6,0.06,100,16.67,rain,0,0,NA,9.9,146.9,1019,69.7,9.8,55.9,4.9,2,"Rain, Partially cloudy",rain
DC,2020-09-26,71.7,62.8,66.7,71.7,62.8,66.7,63.6,90.1,0.62,100,37.5,rain,0,0,NA,8.9,138.6,1017,90.2,7.9,62.1,5.2,2,"Rain, Overcast",rain
DC,2020-09-27,76.9,67.9,71.2,76.9,67.9,71.2,66.9,86.9,0.04,100,12.5,rain,0,0,NA,6.6,157.7,1014.3,83.7,7.9,82.7,7.1,4,"Rain, Partially cloudy",rain
DC,2020-09-28,80.1,66.7,72.4,83,66.7,72.6,67,83.7,0.01,100,4.17,rain,0,0,NA,11.2,185,1011.9,62.1,9.9,130,11.5,5,"Rain, Partially cloudy",rain
DC,2020-09-29,79.1,56.8,70.9,79.1,56.8,70.9,64.8,81.4,0.05,100,8.33,rain,0,0,30.6,15.9,220.3,1009.1,67.3,9.8,113.6,9.7,6,"Rain, Partially cloudy",rain
DC,2020-09-30,70.9,55.9,62.6,70.9,55.9,62.6,52.2,71.2,0.25,100,25,rain,0,0,21.5,16.6,224.3,1009.3,39.3,9.7,126.5,11,6,"Rain, Partially cloudy",rain
DC,2020-10-01,75.7,56.6,64.7,75.7,56.6,64.7,54,69.9,0.01,100,4.17,rain,0,0,NA,12,236.1,1013.7,48.7,9.9,128.6,11.1,6,"Rain, Partially cloudy",rain
DC,2020-10-02,67.7,56.1,60.7,67.7,56.1,60.7,48.7,67.4,0.1,100,29.17,rain,0,0,24,14.6,246.6,1017.3,50.3,9.9,110.3,9.5,6,"Rain, Partially cloudy",rain
DC,2020-10-03,67.8,48.6,58.1,67.8,44.9,57.8,41.9,57,0,0,0,NA,0,0,16.1,12.1,279.7,1023.7,13.3,9.9,166.2,14.4,6,Clear,clear-day
DC,2020-10-04,68.9,47.4,58.7,68.9,44.9,58.5,46.8,67.3,0,0,0,NA,0,0,NA,7.4,187.2,1022.6,33.2,9.9,152.4,13.1,6,Partially cloudy,partly-cloudy-day
DC,2020-10-05,69,55,61.5,69,55,61.5,48.6,64.4,0.02,100,8.33,rain,0,0,25.3,16.9,271,1021.3,58,9.9,120.5,10.5,6,"Rain, Partially cloudy",rain
DC,2020-10-06,71.9,48.4,60.5,71.9,46.9,60.4,51.2,72.7,0,0,0,NA,0,0,NA,12.2,195,1019.7,18.5,9.9,159.2,13.9,6,Clear,clear-day
DC,2020-10-07,80,55.6,67.7,80,55.6,67.7,55.3,68.1,0,0,0,NA,0,0,25.9,17.4,227.3,1010.9,29.4,9.9,156.3,13.5,6,Partially cloudy,partly-cloudy-day
DC,2020-10-08,70.9,57.2,64.1,70.9,57.2,64.1,45.8,52.6,0,0,0,NA,0,0,28.4,17.1,315.5,1017.6,14.4,9.9,153.3,13.2,6,Clear,clear-day
DC,2020-10-09,70,49.6,60.2,70,47.6,60.1,47.2,64,0,0,0,NA,0,0,NA,13.5,147.9,1023.2,47.3,9.9,135.3,11.7,5,Partially cloudy,partly-cloudy-day
DC,2020-10-10,73,59.6,65.3,73,59.6,65.3,58.9,80,0,0,0,NA,0,0,20.8,11.5,198.4,1017.9,90.3,9.9,57.9,5,3,Overcast,cloudy
DC,2020-10-11,70.9,65.6,67.5,70.9,65.6,67.5,64.6,90.5,0.53,100,41.67,rain,0,0,NA,11,140.7,1017.1,95.4,8.6,36.6,3.1,1,"Rain, Overcast",rain
DC,2020-10-12,65.8,57.8,61.8,65.8,57.8,61.8,59.9,93.7,1,100,70.83,rain,0,0,29.6,20.8,64.8,1014.9,99.7,4.1,37.9,3.2,1,"Rain, Overcast",rain
DC,2020-10-13,71.8,56.1,62,71.8,56.1,62,53.9,77,0.01,100,4.17,rain,0,0,25.6,16.9,330,1013.8,70.3,9.1,96.2,8.3,5,"Rain, Partially cloudy",rain
DC,2020-10-14,73,49.8,60.6,73,47.6,60.4,49.1,67.8,0,0,0,NA,0,0,17.2,13,210.7,1017.2,22.7,9.9,145.2,12.7,6,Partially cloudy,partly-cloudy-day
DC,2020-10-15,75.7,55.7,65.3,75.7,55.7,65.3,56.1,73.1,0,0,0,NA,0,0,28.5,17.9,190.6,1015.2,32.1,9.9,142.8,12.3,6,Partially cloudy,partly-cloudy-day
DC,2020-10-16,66.6,54.7,59,66.6,54.7,59,50.4,73.6,0.17,100,12.5,rain,0,0,16.1,14.9,190.5,1019.2,92.9,9.9,31.8,2.7,2,"Rain, Overcast",rain
DC,2020-10-17,62.8,45.6,53.9,62.8,40.8,52.9,38.3,58.1,0,0,0,NA,0,0,19.7,11.4,265.2,1027,20.2,9.9,134.7,11.5,5,Partially cloudy,partly-cloudy-day
DC,2020-10-18,64.9,45.3,55.9,64.9,42.5,55.5,46.4,71.9,0,0,0,NA,0,0,NA,10,119.5,1029.2,49.7,9.9,115,9.8,5,Partially cloudy,partly-cloudy-day
DC,2020-10-19,71.8,56.2,62.7,71.8,56.2,62.7,55.7,79,0,0,0,NA,0,0,NA,9.3,149,1025.5,72.7,9.9,94.1,8,3,Partially cloudy,partly-cloudy-day
DC,2020-10-20,74.9,58.4,64.6,74.9,58.4,64.6,59.1,83.5,0,0,0,NA,0,0,NA,7.4,161.5,1023.5,71.3,8.3,111.5,9.7,5,Partially cloudy,partly-cloudy-day
DC,2020-10-21,75.1,61.7,67.2,75.1,61.7,67.2,64.3,90.9,0.01,100,4.17,rain,0,0,NA,9.1,134.3,1023.9,56.1,6.3,88.1,7.7,5,"Rain, Partially cloudy",rain
DC,2020-10-22,80.1,60.8,68.6,81.9,60.8,68.8,63.3,84.7,0,0,0,NA,0,0,NA,7.7,135.7,1023.1,26.7,7.2,122.1,10.6,5,Partially cloudy,partly-cloudy-day
DC,2020-10-23,76.9,62.5,67.9,76.9,62.5,67.9,62.2,83.2,0,0,0,NA,0,0,NA,10.3,155.6,1020.6,51.9,8.1,92.4,7.9,4,Partially cloudy,partly-cloudy-day
DC,2020-10-24,76.9,60.9,66.6,76.9,60.9,66.6,58.2,76.1,0,0,0,NA,0,0,20.8,15.6,262.9,1015.5,78.5,9.9,91.2,7.9,4,Partially cloudy,partly-cloudy-day
DC,2020-10-25,57.9,46.9,49.8,57.9,42.2,46.2,44.4,82.2,0.44,100,37.5,rain,0,0,17.2,14.2,65.3,1022.1,98.9,8.2,23.1,2,1,"Rain, Overcast",rain
DC,2020-10-26,62.1,47.9,54.3,62.1,42.7,52.8,50.8,88.1,0,0,0,NA,0,0,NA,12.2,222.2,1020.9,93.5,8.3,57,4.8,2,Overcast,cloudy
DC,2020-10-27,65,57.7,61.2,65,57.7,61.2,55.8,83.2,0,0,0,NA,0,0,NA,8.8,142.3,1021.5,96.5,9.4,50.1,4.4,2,Overcast,cloudy
DC,2020-10-28,70.2,61.8,65.4,70.2,61.8,65.4,61.2,86.7,0,0,0,NA,0,0,NA,12.5,165.9,1016.9,94,8.8,56.9,5,3,Overcast,cloudy
DC,2020-10-29,64,52.9,58.8,64,52.9,58.8,56.4,91.9,2.27,100,75,rain,0,0,25,18.2,138.6,1005.1,99.3,6.4,17,1.5,1,"Rain, Overcast",rain
DC,2020-10-30,53.8,48.7,51.1,53.8,43.4,49,44.2,77.9,0.33,100,20.83,rain,0,0,28.4,19.8,254.5,1013,87.6,9.6,58.8,5.1,2,"Rain, Partially cloudy",rain
DC,2020-10-31,49.8,40.8,46.8,47,37.1,42.9,37.3,69.6,0,0,0,NA,0,0,NA,14,161,1031.1,85.1,9.9,56.3,4.8,3,Partially cloudy,partly-cloudy-day
DC,2020-11-01,58.9,44,51.8,58.9,36.5,50,43.2,74.7,0.52,100,16.67,rain,0,0,41.6,27.3,225.5,1017.2,90.9,9.3,30.5,2.7,2,"Rain, Overcast",rain
DC,2020-11-02,49.8,38.8,43.6,44.6,29.4,36.8,20.8,40.5,0,0,0,NA,0,0,46.7,31.4,273,1018.2,33.7,9.9,106.3,9.2,5,Partially cloudy,wind
DC,2020-11-03,64.8,39.5,51.5,64.8,33.6,49.8,27.2,41,0,0,0,NA,0,0,33.7,20.3,244.3,1021,47.1,9.9,108.7,9.4,5,Partially cloudy,partly-cloudy-day
DC,2020-11-04,66.1,41.5,52.6,66.1,41.1,52.5,41.4,68.7,0,0,0,NA,0,0,NA,10.7,155.3,1030.2,3,9.8,108.3,9.4,5,Clear,clear-day
DC,2020-11-05,67.1,47.5,56.1,67.1,47.5,56,46.3,72.5,0,0,0,NA,0,0,NA,12.2,176.2,1029.3,42.7,9.4,102,8.9,5,Partially cloudy,partly-cloudy-day
DC,2020-11-06,70.3,49.7,56.8,70.3,49.7,56.8,48.8,77.2,0,0,0,NA,0,0,NA,9.6,157,1026.2,48.2,9.4,94.2,8.1,5,Partially cloudy,partly-cloudy-day
DC,2020-11-07,73.4,46.5,57.7,73.4,46.5,57.7,47.4,72.4,0,0,0,NA,0,0,NA,6.6,160.8,1026.4,11.2,9,102.6,8.8,5,Clear,clear-day
DC,2020-11-08,74.2,49.5,60,74.2,49.5,60,52.5,78.2,0,0,0,NA,0,0,NA,8.3,91.4,1028.3,18.4,8.4,98.3,8.6,5,Clear,clear-day
DC,2020-11-09,74.2,52.6,61.6,74.2,52.6,61.6,55.1,80.9,0,0,0,NA,0,0,NA,9,143.6,1027.1,22.6,9.2,99.2,8.6,5,Partially cloudy,partly-cloudy-day
DC,2020-11-10,75,53.7,63.4,75,53.7,63.4,56.9,80.5,0,0,0,NA,0,0,18.4,12.4,154,1022.3,33.6,9.9,98.4,8.3,5,Partially cloudy,partly-cloudy-day
DC,2020-11-11,69.2,61.9,66.2,69.2,61.9,66.2,64.9,95.6,1.11,100,58.33,rain,0,0,20.8,12.5,189.9,1015.9,90.6,7.3,9.5,0.8,0,"Rain, Overcast",rain
DC,2020-11-12,69.1,51.8,59.3,69.1,51.8,59.3,54.9,85.6,1.77,100,50,rain,0,0,26.4,17.1,141.5,1015.3,99,7.9,10.8,0.8,1,"Rain, Overcast",rain
DC,2020-11-13,61,48.7,53.8,61,46.6,53.5,42,65.3,0,0,0,NA,0,0,21.9,12.4,261.2,1017.2,59.6,9.9,75.3,6.3,4,Partially cloudy,partly-cloudy-day
DC,2020-11-14,60.9,41.6,51.6,60.9,39.1,51,36.3,57.6,0,0,0,NA,0,0,NA,10.3,233.8,1022.7,34.1,9.9,91.8,7.9,4,Partially cloudy,partly-cloudy-day
DC,2020-11-15,70.9,48.2,57.8,70.9,46.4,57.4,47.9,70.4,0.25,100,8.33,rain,0,0,39.7,20.1,164.5,1015,88.1,9.6,40.6,3.6,3,"Rain, Partially cloudy",rain
DC,2020-11-16,62,49.5,54.5,62,46.5,54.2,24.6,32.4,0,0,0,NA,0,0,32.2,17.5,291.7,1016.8,3,9.9,90.2,7.6,4,Clear,clear-day
DC,2020-11-17,56.8,38.9,46.5,56.8,31.3,42.5,25.8,44.9,0,0,0,NA,0,0,39.8,22.2,277.5,1019.3,48.7,9.9,73.8,6.5,4,Partially cloudy,partly-cloudy-day
DC,2020-11-18,44.8,36.2,39.5,38,28.6,33.2,21.7,48.9,0,0,0,NA,0,0,26.5,20.1,275.5,1033.6,41,9.9,76.9,6.5,5,Partially cloudy,partly-cloudy-day
DC,2020-11-19,52,31.5,42.6,52,27.3,39.6,28.2,58.5,0,0,0,NA,0,0,27.2,17.8,205.4,1034.8,51.5,9.9,77.8,6.7,4,Partially cloudy,partly-cloudy-day
DC,2020-11-20,63,43,51.2,63,38.3,49.6,35,54.7,0,0,0,NA,0,0,NA,15.4,213.3,1028.8,30.2,9.9,83.8,7.1,4,Partially cloudy,partly-cloudy-day
DC,2020-11-21,63.8,45.8,54.8,63.8,44.6,54.7,45.2,70.7,0,0,0,NA,0,0,NA,7.7,110.8,1028.1,78.2,9.9,33.3,2.8,1,Partially cloudy,partly-cloudy-day
DC,2020-11-22,57.8,51.1,54.8,57.8,51.1,54.8,44.8,69.3,0,0,0,NA,0,0,NA,11.1,66.1,1025.4,94.3,9.9,47,4,3,Overcast,cloudy
DC,2020-11-23,57.8,45.9,51.7,57.8,40.8,49.8,37.6,60.9,0.02,100,8.33,rain,0,0,40.8,24.9,287,1019.7,67.8,9.6,77.6,6.7,4,"Rain, Partially cloudy",rain
DC,2020-11-24,51.9,38.7,45.9,51.9,34.5,43,28.3,50.6,0,0,0,NA,0,0,NA,9.8,230.4,1028.4,60.3,9.9,76.8,6.5,4,Partially cloudy,partly-cloudy-day
DC,2020-11-25,56,44.7,50.2,56,38.4,48.1,40.3,69.1,0,0,0,NA,0,0,25.1,17.7,170.8,1025.2,87.4,9.9,65.2,5.6,3,Partially cloudy,partly-cloudy-day
DC,2020-11-26,66.9,50.8,59,66.9,50.8,59,52.2,79.2,0.06,100,20.83,rain,0,0,24.2,12.5,202.7,1017.1,67.6,9.8,61.8,5.2,4,"Rain, Partially cloudy",rain
DC,2020-11-27,61,52.4,56.4,61,52.4,56.4,46.4,69.6,0,0,0,NA,0,0,NA,5.6,142,1018.2,97.7,9.9,33.4,2.8,2,Overcast,cloudy
DC,2020-11-28,60.9,45.6,52.5,60.9,43.6,52.1,37.9,61.5,0,0,0,NA,0,0,29.8,15.1,249.9,1018.1,33.6,9.9,71.3,6.1,4,Partially cloudy,partly-cloudy-day
DC,2020-11-29,57,37.3,47.8,57,34,47,33.8,59.5,0,0,0,NA,0,0,NA,10,159.4,1021,37.2,9.9,72.6,6.3,4,Partially cloudy,partly-cloudy-day
DC,2020-11-30,64,50,57,64,46.8,56.9,52.2,84.4,2.43,100,54.17,rain,0,0,36.7,13.1,172.6,1001.1,97.1,7.6,16.8,1.5,1,"Rain, Overcast",rain
DC,2020-12-01,48.7,39.8,44.5,45.5,34.7,39.3,28.6,54.5,0.02,100,8.33,rain,0,0,29.8,17.9,280.3,1006.2,90.4,9.9,48,4.1,3,"Rain, Overcast",rain
DC,2020-12-02,49.8,35.8,42.3,46.1,30.3,36.5,21.9,45.3,0,0,0,NA,0,0,37.2,23.6,267.1,1019.3,44.9,9.9,66,5.8,4,Partially cloudy,partly-cloudy-day
DC,2020-12-03,53.9,32.4,43.4,53.9,31.9,42.4,26.7,53.5,0,0,0,NA,0,0,NA,9.2,155,1024.7,56.6,9.9,67,5.8,3,Partially cloudy,partly-cloudy-day
DC,2020-12-04,53.2,47,49.3,53.2,42.8,47.2,35.3,59.7,0.28,100,16.67,rain,0,0,NA,10.2,163.3,1017.4,95.7,9.3,21.6,1.8,1,"Rain, Overcast",rain
DC,2020-12-05,48.7,43.9,46.3,43.7,36.7,39.9,35,67,0.99,100,29.17,rain,0,0,39.4,26.9,269.5,1011,94,8.7,39.9,3.4,2,"Rain, Overcast",rain
DC,2020-12-06,46,34.9,40.9,41.2,27,33.7,24.1,51.4,0,0,0,NA,0,0,48.3,17.9,320.4,1014.9,54.3,9.9,71,6.2,3,Partially cloudy,partly-cloudy-day
DC,2020-12-07,41.9,32.9,36.1,38.7,26.5,30.2,22.5,57.8,0,0,0,NA,0,0,23,13.7,303.4,1011.2,69.4,9.9,53.9,4.6,3,Partially cloudy,partly-cloudy-day
DC,2020-12-08,46.9,33.1,38.2,40.3,22.9,30.1,20.4,49,0,0,0,NA,0,0,31.6,22.5,310,1012.2,14.6,9.9,67.6,5.7,3,Clear,clear-day
DC,2020-12-09,44,30.4,36.7,41.6,24.7,32.7,24.5,61.4,0,0,0,NA,0,0,NA,9.9,194.7,1012.9,59.2,9.9,38.3,3.3,2,Partially cloudy,partly-cloudy-day
DC,2020-12-10,51.3,31.5,40.3,51.3,27.3,39.4,32.3,74.2,0,0,0,NA,0,0,NA,9.9,99.8,1020.4,6.9,9,63.5,5.5,3,Clear,clear-day
DC,2020-12-11,61,35.7,46.8,61,31.6,45.3,38.1,73.8,0,0,0,NA,0,0,20.7,13.6,187.5,1021.5,39.9,8.8,67.6,5.8,3,Partially cloudy,partly-cloudy-day
DC,2020-12-12,62.9,41.1,50.8,62.9,40.8,50.6,44.2,79.5,0,0,0,NA,0,0,25.3,15.6,133.8,1016.7,69.2,8.3,44.6,3.6,2,Partially cloudy,partly-cloudy-day
DC,2020-12-13,65.9,46.3,54.1,65.9,41.6,52.8,43.4,68.5,0,0,0,NA,0,0,NA,13.4,199,1016.1,65.9,9.9,67.6,5.9,3,Partially cloudy,partly-cloudy-day
DC,2020-12-14,45.5,38.8,42.1,42.5,30.4,36.5,34.9,76,1.07,100,41.67,rain,0,0,29.2,20.1,167,1015.7,93.7,8.3,12.8,1.1,1,"Rain, Overcast",rain
DC,2020-12-15,42.1,32.8,36.6,38.3,25,30.7,21.1,53.5,0,0,0,NA,0,0,18.3,14.6,270,1026.7,61.3,9.9,61.6,5.4,3,Partially cloudy,partly-cloudy-day
DC,2020-12-16,37,31.6,33.5,29.4,21.4,24.7,27.5,79.2,1.1,100,54.17,"rain,snow",0.8,0.2,32.8,21.3,75.8,1019.7,96.3,6.8,7.4,0.6,0,"Snow, Rain, Overcast",snow
DC,2020-12-17,40.8,28,33.6,35,18.2,25.7,26.2,74.7,0.02,100,8.33,"rain,snow",0.5,0.9,32.7,16.8,290.8,1016,46.1,9.8,30.4,2.5,1,"Snow, Rain, Partially cloudy",snow
DC,2020-12-18,38.8,30.7,35,35.3,23,29.4,26.7,71.6,0,0,0,NA,0,0.1,NA,9.6,259.8,1026.9,92.9,9.7,24.4,2.2,1,Overcast,cloudy
DC,2020-12-19,37.1,27.7,32.6,32.9,22.1,28.3,24.6,72.2,0,0,0,NA,0,0,NA,9.2,132.4,1029.3,79.8,9.9,45,3.9,2,Partially cloudy,partly-cloudy-day
DC,2020-12-20,44,33.6,39.8,41.9,28.9,35.5,34,79.7,0,0,0,NA,0,0,20.8,13.7,173,1019.8,92.2,9.9,33.1,2.9,2,Overcast,cloudy
DC,2020-12-21,46.4,39.7,42,42.2,35.9,38.7,37.8,85,0.03,100,4.17,rain,0,0,NA,10.1,191.7,1011.3,92,8.1,55.8,4.7,3,"Rain, Overcast",rain
DC,2020-12-22,50.9,39.7,44.8,50.9,35,40,32.7,63.9,0.01,100,4.17,rain,0,0,39.8,24.6,271.5,1015.7,64,9.8,45,3.8,2,"Rain, Partially cloudy",rain
DC,2020-12-23,47.1,31.5,40.3,42.5,26.8,36.9,30.7,69.3,0,0,0,NA,0,0,NA,14.8,150.8,1027.6,61.1,9.9,57.4,5,3,Partially cloudy,partly-cloudy-day
DC,2020-12-24,61,42.8,53.2,61,38.3,52.2,48.3,83.7,0.99,100,45.83,rain,0,0,29.9,20.4,125.6,1011.9,98.3,8.6,13.7,1.1,1,"Rain, Overcast",rain
DC,2020-12-25,56.9,25,35.8,56.9,14,27.5,24.4,64.6,0.49,100,25,rain,0,0,35.6,18,283.8,1004.6,90.9,9.6,25.7,2.1,1,"Rain, Overcast",rain
DC,2020-12-26,35.8,23,29.2,33.4,13.9,21.4,10.6,45.7,0,0,0,NA,0,0,21.9,12.7,261.4,1017.3,58.3,9.9,57.7,5.1,3,Partially cloudy,partly-cloudy-day
DC,2020-12-27,42,25.5,33.8,38.2,19.2,29.4,21.3,60.6,0,0,0,NA,0,0,NA,10.7,141.5,1025.4,68.3,9.9,65.9,5.6,3,Partially cloudy,partly-cloudy-day
DC,2020-12-28,52.4,35,42.9,52.4,29.1,38.5,31.6,65,0,0,0,NA,0,0,19.7,12.1,203.8,1022,67.4,9.9,61.7,5.2,3,Partially cloudy,partly-cloudy-day
DC,2020-12-29,43.1,32.5,38.8,36.6,27.6,32,19.2,46.1,0,0,0,NA,0,0,32.9,20.3,303.1,1031.8,27,9.9,69.4,6,3,Partially cloudy,partly-cloudy-day
DC,2020-12-30,46,31.5,38.8,39.5,24.6,33,22.7,52.8,0,0,0,NA,0,0,27.6,18,158.3,1029.1,80.6,9.9,66.4,5.5,3,Partially cloudy,partly-cloudy-day
DC,2020-12-31,55,41,47,55,34,42.5,37.7,70.7,0,0,0,NA,0,0,29.6,17.9,174.7,1022.4,92.3,9.9,42.1,3.4,2,Overcast,cloudy
DC,2021-01-01,40.8,35.9,37.6,34.8,28.7,31.8,30.3,75.8,0.81,100,41.67,rain,0,0,20.8,16.2,100,1027.8,99.6,8.3,12.8,1.2,1,"Rain, Overcast",rain
DC,2021-01-02,56.9,37,44.9,56.9,31.5,41.9,39,81.2,0,0,0,NA,0,0,26.4,14,220.9,1015.2,89.8,8.4,38.1,3.4,2,Partially cloudy,partly-cloudy-day
DC,2021-01-03,43,38.9,40.6,42.7,31.8,35.9,37.1,87.7,0.28,100,29.17,rain,0,0,NA,11.3,173.1,1015.8,98.4,8.5,12.3,1,0,"Rain, Overcast",rain
DC,2021-01-04,46.1,34.7,40.5,44,29.8,36.9,34.2,78.8,0,0,0,NA,0,0,NA,9.8,305.9,1016.1,81,9.6,37.8,3.1,2,Partially cloudy,partly-cloudy-day
DC,2021-01-05,42.8,39.6,40.9,41.8,32.4,37.3,35,79.3,0.03,100,4.17,rain,0,0,NA,12.3,280.6,1014.4,99.5,9.7,16.5,1.3,1,"Rain, Overcast",rain
DC,2021-01-06,42.9,38.6,40.5,35.3,32.3,33.3,28.9,63.4,0,0,0,NA,0,0,30.9,21,319.7,1020,99.4,9.9,22.9,2.1,1,Overcast,cloudy
DC,2021-01-07,46.9,33.8,39.7,42.4,26.4,33.3,26.1,58.8,0,0,0,NA,0,0,31.8,19.3,328.5,1021.9,47.6,9.9,73.8,6.5,4,Partially cloudy,partly-cloudy-day
DC,2021-01-08,37.9,33.8,35.5,34.3,24.9,29.3,24.2,63.4,0,0,0,NA,0,0,NA,13.4,233.7,1016.4,87.8,9.9,25.3,2.1,2,Partially cloudy,partly-cloudy-day
DC,2021-01-09,46.9,31.8,38.4,39.7,21.1,29.9,18.1,45,0,0,0,NA,0,0,32.4,20.2,336.2,1015.3,51.5,9.9,75.1,6.5,4,Partially cloudy,partly-cloudy-day
DC,2021-01-10,48.7,34.9,40.6,45.2,28.5,36.2,22.9,50.4,0,0,0,NA,0,0,27.5,13.8,273.7,1024.2,22.2,9.9,74.9,6.4,4,Partially cloudy,partly-cloudy-day
DC,2021-01-11,43.1,29.2,36.3,39.7,27.5,34.4,27.8,71.5,0,0,0,NA,0,0,NA,7.9,119.6,1025.3,78.7,9.9,31.8,2.8,2,Partially cloudy,partly-cloudy-day
DC,2021-01-12,48.8,29.3,37.2,46,24.4,35.6,27.8,71.6,0,0,0,NA,0,0,NA,8.8,156.4,1021.4,27.4,9.4,69.8,6.1,3,Partially cloudy,partly-cloudy-day
DC,2021-01-13,50.1,30.2,39.1,50.1,25.5,37.8,30,71.2,0,0,0,NA,0,0,NA,9.8,107.1,1017.1,38.6,9.7,71.3,6.2,3,Partially cloudy,partly-cloudy-day
DC,2021-01-14,55.1,31.4,41.7,55.1,31.4,41.3,29.8,67.1,0,0,0,NA,0,0,NA,12.2,133,1010.6,48.4,8.9,70.6,6.3,4,Partially cloudy,partly-cloudy-day
DC,2021-01-15,52,34.7,43.3,52,27.4,40.3,36.3,77,0.17,100,16.67,rain,0,0,23,14.4,85,1009.4,91.5,9,45.7,3.8,3,"Rain, Overcast",rain
DC,2021-01-16,46.9,37.7,42.3,45.9,31.2,36.9,30.8,65.3,0,0,0,NA,0,0,31.1,14.1,275.9,1001.9,60.9,9.8,58.3,5.1,3,Partially cloudy,partly-cloudy-day
DC,2021-01-17,48.5,33.7,40.4,43.1,26.6,34.7,26.1,57.1,0,0,0,NA,0,0,23,13.3,224.2,1007.9,81.1,9.9,52.8,4.5,3,Partially cloudy,partly-cloudy-day
DC,2021-01-18,45.9,34.7,39.9,39.9,30.7,34.7,23.5,53.7,0,0,0,NA,0,0,30.7,17.3,247.1,1011.9,74.4,9.9,57.4,5.1,3,Partially cloudy,partly-cloudy-day
DC,2021-01-19,52,33.7,41.1,52,28.8,37.3,20.1,45.2,0,0,0,NA,0,0,30.6,16.1,241.5,1020.8,60.9,9.9,75.2,6.5,4,Partially cloudy,partly-cloudy-day
DC,2021-01-20,44.8,31.4,38.8,39.5,26.1,32.7,21.8,51.5,0,0,0,NA,0,0,47.3,27.1,284.8,1017.8,72.2,9.9,66,5.6,3,Partially cloudy,partly-cloudy-day
DC,2021-01-21,53.9,26.6,39.8,53.9,21.2,35.9,23.6,54,0,0,0,NA,0,0,16.1,13.4,212,1010,34.5,9.9,79.6,6.9,4,Partially cloudy,partly-cloudy-day
DC,2021-01-22,49.9,32.9,41.2,44.9,27.5,35.8,23.3,51.2,0,0,0,NA,0,0,31.1,19.2,257.8,1010.3,28,9.9,84.5,7.3,4,Partially cloudy,partly-cloudy-day
DC,2021-01-23,39.5,26.8,33,31.7,14.3,22.7,10.6,39.3,0,0,0,NA,0,0,36.1,21.7,320.3,1022.6,37.9,9.8,84.5,7.4,4,Partially cloudy,partly-cloudy-day
DC,2021-01-24,37,25.9,31.6,37,15.4,25.8,12.6,45.4,0,0,0,NA,0,0,16.1,11.4,287.8,1025.4,81,9.9,69.1,6,4,Partially cloudy,partly-cloudy-day
DC,2021-01-25,38.8,31.9,35.9,35.7,24.4,31.2,23.6,61.8,0.18,100,25,"rain,snow",0,0,NA,9.9,75.2,1019.6,99.3,8.8,20.6,1.8,1,"Snow, Rain, Overcast",rain
DC,2021-01-26,37.9,31.9,34.9,37,23.8,31.3,33.1,93.4,0.07,100,25,"rain,snow",0.4,0.2,NA,9.7,70.5,1013.6,98.6,3.5,20.3,1.6,1,"Snow, Rain, Overcast",snow
DC,2021-01-27,43,35.8,39.3,37.6,26.4,33.5,30.1,71.2,0,0,0,NA,0,0,25.3,16.8,305.5,1018.2,94.2,8.7,52.1,4.7,3,Overcast,cloudy
DC,2021-01-28,35.9,28,32.6,28.5,15.7,21,13.7,45.8,0,0,0,NA,0,0,42.6,27.1,305,1023,61.3,9.9,86.7,7.4,4,Partially cloudy,partly-cloudy-day
DC,2021-01-29,33,24.9,28.8,22.1,10.6,17.2,8.1,41.2,0,0,0,NA,0,0,37.7,24.8,314.8,1026,70.2,9.9,54.3,5,2,Partially cloudy,partly-cloudy-day
DC,2021-01-30,38.7,23.8,31.1,37.8,15.1,24.9,12,45.2,0,0,0,NA,0.8,0.2,18.3,13.3,224.2,1027.7,52.5,9.9,97.3,8.7,4,Partially cloudy,snow
DC,2021-01-31,33.7,29.8,31.5,32,20.7,24.6,26.6,83.7,0.45,100,62.5,"rain,snow",1.3,1.1,NA,14.6,90.3,1021.2,94.4,3.5,9.4,0.8,0,"Snow, Rain, Overcast",snow
DC,2021-02-01,33.9,29.1,31.5,25,17.3,21.1,28.4,88.2,0.18,100,33.33,"rain,snow",1,2.2,34.4,19,282.3,1008.4,99.7,5.7,20.5,1.7,1,"Snow, Rain, Overcast",snow
DC,2021-02-02,36.9,32,34.2,27,21,23.9,26.9,75.2,0.15,100,37.5,"rain,snow",0.3,2.7,44.1,22.1,322,1002.4,99.4,6.5,37.8,3.2,2,"Snow, Rain, Overcast",snow
DC,2021-02-03,42,31.9,36.4,35,21.3,27.3,22.9,58.3,0,0,0,NA,0.5,1.9,36,22.4,312.7,1005.6,76.1,9.9,61.1,5.3,3,Partially cloudy,snow
DC,2021-02-04,49.7,30.6,38.4,48,22.5,33.1,14.8,39.2,0,0,0,NA,1.1,1.7,28.6,16.5,272.6,1014.6,38.3,9.9,104.4,9,5,Partially cloudy,snow
DC,2021-02-05,55.8,38,45.7,55.8,30.2,41,27.6,51.4,0.07,100,8.33,rain,0.4,1.1,30.7,16.5,231.3,1006.8,71.1,9.9,107.7,9.1,5,"Rain, Partially cloudy",snow
DC,2021-02-06,51.1,33.7,42.4,51.1,27.7,38.7,23,47.3,0,0,0,NA,0,0.1,25.2,15.9,186.5,1017.6,85.6,9.9,81.3,7,4,Partially cloudy,partly-cloudy-day
DC,2021-02-07,43.5,31.6,38,43.5,25.2,32.2,28.3,70.5,0.5,100,45.83,"rain,snow",0.7,0.4,26.2,15.4,231.6,1015.9,78.4,8.4,37.2,3.3,3,"Snow, Rain, Partially cloudy",snow
DC,2021-02-08,38.8,25.7,30.9,32.8,15.5,23.9,12.6,46.6,0,0,0,NA,0.5,0.5,NA,14.1,156.9,1028.8,25,9.9,106.8,9.2,5,Partially cloudy,snow
DC,2021-02-09,50.1,30.4,39.1,50.1,23.9,35.3,27.9,64.8,0,0,0,NA,0,0,NA,14.2,180,1023.2,88,9.9,94.3,8.1,4,Partially cloudy,partly-cloudy-day
DC,2021-02-10,42.1,33.7,36.9,40.7,26,32.6,28,71.3,0.15,100,25,"rain,snow",0.3,0.1,NA,9.5,134.5,1026.4,90.6,8.1,62.5,5.3,4,"Snow, Rain, Overcast",snow
DC,2021-02-11,35.7,33,34.4,31.7,25.1,27.5,30.5,85.9,0.2,100,29.17,"rain,snow",0.5,0.5,NA,13.2,62.7,1023.8,99.2,6,16.8,1.4,1,"Snow, Rain, Overcast",snow
DC,2021-02-12,31.9,28.9,30.5,27.4,18.9,23.3,20.3,65.5,0,0,0,NA,0.2,0.6,NA,13.2,42.1,1026.6,99.2,9.5,34.2,3,1,Overcast,snow
DC,2021-02-13,30.7,28.7,30.1,25.3,18.7,21.5,23,75.8,0.42,100,37.5,"rain,snow",0.3,0.1,NA,13.2,29.1,1024,99.5,7.5,22.7,1.8,1,"Snow, Rain, Overcast",snow
DC,2021-02-14,37.9,28.8,33.4,33.5,19.8,26.9,29,84.1,0,0,0,NA,0.2,0.3,NA,10.8,213.7,1023.7,99.6,6.7,48.3,4,2,Overcast,snow
DC,2021-02-15,40.9,35.8,37.2,39.8,27.1,32,31.1,78.9,0.23,100,12.5,rain,0,0,NA,13.2,94,1020.4,99.6,7.5,41,3.7,2,"Rain, Overcast",rain
DC,2021-02-16,44,29.8,37.9,40.7,19.4,32.4,31.4,79.1,0.73,100,25,rain,0,0,34,21,225.2,1009.3,93.1,8.5,38.2,3.3,2,"Rain, Overcast",rain
DC,2021-02-17,36.9,26,30.5,36.9,14.1,23.5,11.9,46,0,0,0,NA,0.5,0.2,24.3,15.7,219.1,1028.7,72.3,9.9,106.6,9.2,5,Partially cloudy,snow
DC,2021-02-18,31.9,27.9,29.7,23.6,19.4,21,23.9,80,0.4,100,33.33,"rain,snow",0.7,0.7,20.8,14.6,89.5,1026.7,98.8,5.9,21.2,2,2,"Snow, Rain, Overcast",snow
DC,2021-02-19,39.7,30.6,33.9,31.6,21.1,25.4,28.2,80.1,0.05,100,16.67,"rain,snow",0.3,1,28.7,20.5,298.3,1020.7,96.6,7.5,47.3,4,2,"Snow, Rain, Overcast",snow
DC,2021-02-20,32,26.7,29.7,22.8,15.5,19,11.5,46.8,0,0,0,NA,0.2,0.7,34.1,20.7,315.1,1025.9,67.5,9.9,98.7,8.6,5,Partially cloudy,snow
DC,2021-02-21,38,24.8,31.4,35.6,13.5,24.7,13.2,47.3,0,0,0,NA,0.2,0.6,NA,12.4,229,1034.6,49.2,9.9,128.8,11.1,5,Partially cloudy,snow
DC,2021-02-22,39.7,31.8,34.3,34.6,22.9,27.1,28.5,80.1,0.41,100,25,"rain,snow",0,0.1,25.3,14.7,195.5,1017.7,85.3,8.1,22.7,1.9,1,"Snow, Rain, Partially cloudy",rain
DC,2021-02-23,58.8,30.6,43.2,58.8,22.8,40,31.6,68.5,0.01,100,4.17,"rain,snow",0,0,38.1,21.4,242.1,1010.1,54.2,8.1,100,8.4,4,"Snow, Rain, Partially cloudy",rain
DC,2021-02-24,59.3,32.7,47.3,59.3,28.4,46.6,31.5,57.3,0,0,0,NA,0,0,25.3,16.9,197.9,1015.6,43.7,9.9,143.6,12.4,5,Partially cloudy,partly-cloudy-day
DC,2021-02-25,57.6,39,49.9,57.6,39,47.9,26.4,41.4,0,0,0,NA,0,0,38.3,25.1,235.2,1021,15.9,9.9,141.7,12.3,5,Clear,clear-day
DC,2021-02-26,50.9,37.8,43.3,50.9,32.2,39.6,26.7,55.3,0.14,100,16.67,rain,0,0,22.2,14.3,135.3,1029.7,86,9.5,88.6,7.8,4,"Rain, Partially cloudy",rain
DC,2021-02-27,52.8,37.9,43.8,52.8,32.7,40.6,39.9,86.7,0.26,100,37.5,rain,0,0,19.7,10.7,149.9,1022.3,93.2,7.9,70.5,6.1,3,"Rain, Overcast",rain
DC,2021-02-28,47.7,44,45.9,46.9,41,44.3,43.9,92.9,0.73,100,62.5,rain,0,0,NA,10.1,58.5,1020.8,92.6,6.7,13.7,1.1,0,"Rain, Overcast",rain
DC,2021-03-01,51,40.9,46.7,51,32.8,43.6,36.7,72.8,0.38,100,41.67,rain,0,0,36.9,21.8,250.6,1010.6,85.2,7.5,33.9,2.9,1,"Rain, Partially cloudy",rain
DC,2021-03-02,45.7,30.7,37.8,43.2,20.3,30.9,14.6,39.4,0,0,0,NA,0,0,38.7,20.6,284.8,1023.7,28.2,9.9,149.2,13,6,Partially cloudy,partly-cloudy-day
DC,2021-03-03,59.9,30.6,44.8,59.9,24.9,42.2,22.7,46.6,0,0,0,NA,0,0,23.8,16.9,225.9,1015.3,14.3,9.9,155.9,13.4,6,Clear,clear-day
DC,2021-03-04,55,35.9,45.9,55,25.5,41.3,25.8,46.6,0,0,0,NA,0,0,37.3,21.5,286,1013.8,32.2,9.9,142.8,12.3,5,Partially cloudy,partly-cloudy-day
DC,2021-03-05,42.9,28,35.4,34.5,17,26.7,11.2,36.8,0,0,0,NA,0,0,34,20.8,308.3,1018.7,5.1,9.9,154.8,13.4,6,Clear,clear-day
DC,2021-03-06,46.9,30.5,38.9,41.9,26.7,32.7,16.2,39.9,0,0,0,NA,0,0,31.1,15,257.5,1021.4,36.9,9.9,139.4,12,5,Partially cloudy,partly-cloudy-day
DC,2021-03-07,46.8,27.8,37.9,41.6,20.9,32.7,14.7,40.3,0,0,0,NA,0,0,27.3,17.1,236.8,1028,4.1,9.9,162.6,14,6,Clear,clear-day
DC,2021-03-08,53,29.2,41.6,53,29.2,39.8,16.9,41.3,0,0,0,NA,0,0,18.3,13.7,130.4,1031.8,42.3,9.9,163.1,14.2,6,Partially cloudy,partly-cloudy-day
DC,2021-03-09,70.9,37.5,52.6,70.9,32.3,50.6,29.2,43.8,0,0,0,NA,0,0,21.9,12.3,173.2,1029.1,67.4,9.9,134.2,11.6,5,Partially cloudy,partly-cloudy-day
DC,2021-03-10,71.8,44.3,56.3,71.8,40.2,55.4,34.8,47.9,0,0,0,NA,0,0,NA,11.2,109.6,1029.3,57.1,9.9,163.6,14.1,6,Partially cloudy,partly-cloudy-day
DC,2021-03-11,78.1,52.7,63.6,78.1,52.7,63.6,36.6,38.8,0,0,0,NA,0,0,30.7,17.4,190.8,1023.7,69.3,9.9,164.5,14.2,6,Partially cloudy,partly-cloudy-day
DC,2021-03-12,69.9,56.4,62.8,69.9,56.4,62.8,42.3,49.2,0,0,0,NA,0,0,31.1,13.9,264.1,1021.2,78.6,9.9,76.1,6.7,4,Partially cloudy,partly-cloudy-day
DC,2021-03-13,58.8,46.9,52.7,58.8,40.3,51.2,16.6,24.3,0,0,0,NA,0,0,29.5,18.2,285.3,1025.1,70.6,9.9,161,13.9,6,Partially cloudy,partly-cloudy-day
DC,2021-03-14,64.9,46.1,54.4,64.9,41.4,52.8,18.1,24.4,0,0,0,NA,0,0,53.9,36.4,311.3,1019.8,40.8,9.9,173.2,14.2,6,Partially cloudy,wind
DC,2021-03-15,47.7,33.7,41.1,46,24.4,35.2,7.4,25.2,0,0,0,NA,0,0,34.3,22.5,226.3,1028,65.4,9.9,159.6,13.8,6,Partially cloudy,partly-cloudy-day
DC,2021-03-16,44.8,40.8,42.3,40.4,34.2,37.1,29.8,62.5,0,0,0,NA,0,0,NA,12.3,152.4,1023.1,99.7,9.8,38.8,3.4,2,Overcast,cloudy
DC,2021-03-17,50,41.9,46.2,49.3,37.8,44.1,40.6,81,0,0,0,NA,0,0,NA,6.6,81.9,1020.5,99.6,8.1,47.4,3.8,2,Overcast,cloudy
DC,2021-03-18,53.1,47,49.7,53.1,41,47.9,47.9,93.5,0.38,100,50,rain,0,0,31.6,19.2,132.9,1011.5,100,6.7,22.3,1.8,1,"Rain, Overcast",rain
DC,2021-03-19,50.9,39.8,45.5,50.9,29.7,38.8,24.3,47.6,0,0,0,NA,0,0,35.1,24.3,70.2,1020.4,54.9,9.9,182.3,15.7,6,Partially cloudy,partly-cloudy-day
DC,2021-03-20,58.6,31.4,44.9,58.6,24.3,41.6,17.4,34.6,0,0,0,NA,0,0,NA,14.9,70.5,1034.5,14.2,9.9,183.8,16,6,Clear,clear-day
DC,2021-03-21,62.8,35.2,49.5,62.8,31.6,48.7,27,46.7,0,0,0,NA,0,0,NA,9.8,128.6,1033.3,24.5,9.9,186.2,16.2,7,Partially cloudy,partly-cloudy-day
DC,2021-03-22,65.7,38.1,51.9,65.7,33.9,50.7,33,50.3,0,0,0,NA,0,0,NA,9,55.7,1027.9,5,9.9,193.1,16.6,7,Clear,clear-day
DC,2021-03-23,67.9,45.6,56.3,67.9,42.1,55.3,42.9,61.7,0,0,0,NA,0,0,18.3,12.2,59.7,1023.6,72.3,9.9,138.5,12.1,5,Partially cloudy,partly-cloudy-day
DC,2021-03-24,60,53.8,56.6,60,53.8,56.6,54.4,92.3,1.61,100,58.33,rain,0,0,NA,8.9,114.8,1017.5,99.8,6.3,50.7,4.3,2,"Rain, Overcast",rain
DC,2021-03-25,65.3,55,59.4,65.3,55,59.4,56.6,90.9,0,0,0,NA,0,0,NA,7.9,140,1017.3,94.6,6.6,67.3,5.8,3,Overcast,cloudy
DC,2021-03-26,83,61,71,80.6,61,70.7,52.3,57.9,0,0,0,NA,0,0,45.7,24.8,250.9,1011,52.2,9.9,192.4,16.5,7,Partially cloudy,partly-cloudy-day
DC,2021-03-27,70,51.4,61.4,70,51.4,61.4,45.2,56.2,0,0,0,NA,0,0,21.9,14.4,219.5,1020.2,49.7,9.9,146.7,12.8,6,Partially cloudy,partly-cloudy-day
DC,2021-03-28,73,53.1,60.5,73,53.1,60.5,51.8,75.1,0.51,100,25,rain,0,0,41.4,22.9,206.9,1008.3,93.2,8.9,44.6,3.7,3,"Rain, Overcast",rain
DC,2021-03-29,60,44,51.2,60,36.3,48,26.4,38.9,0,0,0,NA,0,0,45.5,26.9,247.5,1020.3,21.4,9.7,197.6,17.1,7,Partially cloudy,partly-cloudy-day
DC,2021-03-30,69,45.3,56.2,69,42.4,55.4,38.1,52.4,0,0,0,NA,0,0,25,15.8,158,1026,25.4,9.9,204.5,17.7,7,Partially cloudy,partly-cloudy-day
DC,2021-03-31,65,55.7,60.6,65,55.7,60.6,55.8,84.5,0.83,100,25,rain,0,0,26.2,19.4,158.3,1016.9,91.5,8.4,37.6,3.3,2,"Rain, Overcast",rain
DC,2021-04-01,60.8,35.8,45.2,60.8,24.3,38.2,33.1,64.7,0.29,100,29.17,rain,0,0,41,29.2,321.5,1016.2,83.2,9.5,57.9,5,2,"Rain, Partially cloudy",rain
DC,2021-04-02,46,30.7,38.3,37.8,17.6,29,14.1,38.3,0,0,0,NA,0,0,36.4,23.5,319.6,1025.6,40.9,9.9,193,16.6,7,Partially cloudy,partly-cloudy-day
DC,2021-04-03,56.6,33.6,44.4,56.6,26.4,40.6,16,32.8,0,0,0,NA,0,0,16.1,12,289.3,1028.8,32.3,9.9,194.1,16.7,7,Partially cloudy,partly-cloudy-day
DC,2021-04-04,71.9,43.4,58.1,71.9,40.8,56.9,28.8,35,0,0,0,NA,0,0,29.5,16.8,254.3,1019.7,49.9,9.9,198.8,17.3,7,Partially cloudy,partly-cloudy-day
DC,2021-04-05,71.9,47.2,60.5,71.9,46.2,60.3,33.2,38.2,0,0,0,NA,0,0,23,13.1,248.5,1018,42.7,9.9,195.9,16.7,7,Partially cloudy,partly-cloudy-day
DC,2021-04-06,76.7,55,63.9,76.7,55,63.9,39.6,42.9,0,0,0,NA,0,0,NA,11.9,97.2,1015.4,46.9,9.9,191,16.6,7,Partially cloudy,partly-cloudy-day
DC,2021-04-07,82,54.4,65.7,80.7,54.4,65.7,46.4,51.3,0,0,0,NA,0,0,NA,11,107.8,1014.5,47.2,9.9,176.5,15.2,7,Partially cloudy,partly-cloudy-day
DC,2021-04-08,71.8,53.6,62.4,71.8,53.6,62.4,43,50.2,0,0,0,NA,0,0,23,16.9,124.4,1017.4,68.5,9.9,187.5,16.1,7,Partially cloudy,partly-cloudy-day
DC,2021-04-09,61,52.9,57.1,61,52.9,57.1,52.1,83.7,0.58,100,16.67,rain,0,0,NA,11.9,90.8,1018.6,99.7,9.3,44.6,4,2,"Rain, Overcast",rain
DC,2021-04-10,73.1,55,61.8,73.1,55,61.8,54.9,79.5,0,0,0,NA,0,0,NA,10.9,85.6,1013.6,93.5,8.1,126.3,10.8,6,Overcast,cloudy
DC,2021-04-11,78.8,60.9,68.8,78.8,60.9,68.8,56.3,67.4,0.15,100,25,rain,0,0,31.1,17.5,175.3,999.6,79.4,9.7,164.7,14.2,7,"Rain, Partially cloudy",rain
DC,2021-04-12,64,51,57.8,64,51,57.8,50.5,76.9,0.07,100,12.5,rain,0,0,NA,11,76.8,1006.3,93.1,9.9,91,7.9,3,"Rain, Overcast",rain
DC,2021-04-13,66.7,50.9,57.1,66.7,50.9,57.1,47.5,71.5,0,0,0,NA,0,0,NA,10.5,182.5,1017.3,84.5,9.8,131.2,11.2,5,Partially cloudy,partly-cloudy-day
DC,2021-04-14,62.1,51.4,56.8,62.1,51.4,56.8,51.8,83.5,0.28,100,50,rain,0,0,NA,11,203.1,1017.5,75,8.9,59.2,4.9,2,"Rain, Partially cloudy",rain
DC,2021-04-15,64.8,49.9,58,64.8,45.8,57.8,43,61,0.01,100,4.17,rain,0,0,35.9,20.3,263.3,1008.4,76.4,9.8,166,14.2,6,"Rain, Partially cloudy",rain
DC,2021-04-16,61.7,43.8,51.9,61.7,39.9,50.5,31.8,46.6,0,0,0,NA,0,0,34.4,19.8,285.6,1009.2,47.1,9.9,99.9,8.4,4,Partially cloudy,partly-cloudy-day
DC,2021-04-17,60.8,42.6,53,60.8,39.2,52.2,37.2,55.6,0,0,0,NA,0,0,17.2,12.7,275.7,1010.5,59,9.9,149,12.8,7,Partially cloudy,partly-cloudy-day
DC,2021-04-18,65.8,47.3,56.8,65.8,43.6,56.1,38,50.8,0,0,0,NA,0,0,18.3,11.2,263.5,1012.2,66.3,9.9,193.2,16.7,7,Partially cloudy,partly-cloudy-day
DC,2021-04-19,61.8,52.3,55.6,61.8,52.3,55.6,46.4,71.5,0.01,100,4.17,rain,0,0,NA,10.8,177.3,1011.9,66,9.8,110.1,9.2,5,"Rain, Partially cloudy",rain
DC,2021-04-20,74.8,46.6,61.2,74.8,43.8,60.6,44.4,59.4,0,0,0,NA,0,0,29.1,16.2,188.2,1013.5,22.1,9.9,225.2,19.4,7,Partially cloudy,partly-cloudy-day
DC,2021-04-21,65.2,42.9,56.3,65.2,36.9,55,36.2,47.4,0,0,0,NA,0,0,46.5,31.6,254.6,1008.6,48.8,9.9,138.2,11.8,6,Partially cloudy,wind
DC,2021-04-22,52.3,36.5,44.9,52.3,31.7,41.1,20.3,38.2,0,0,0,NA,0,0,34.9,21.4,276.7,1016.6,66.8,9.9,124.8,10.7,5,Partially cloudy,partly-cloudy-day
DC,2021-04-23,62.8,37.7,52.1,62.8,33.3,51.2,28.1,41.7,0,0,0,NA,0,0,29.6,14.7,256.8,1019.6,26.3,9.9,188.9,16.3,7,Partially cloudy,partly-cloudy-day
DC,2021-04-24,64.9,42.3,54.1,64.9,39.8,53.7,37.7,56.6,0.26,100,20.83,rain,0,0,31.1,13,178.1,1016.6,64,9.4,116.1,10.1,5,"Rain, Partially cloudy",rain
DC,2021-04-25,66.6,51,57,66.6,51,57,45.7,68.5,0.62,100,37.5,rain,0,0,30.8,22.8,254.3,1009,87.3,7.8,128.8,10.8,6,"Rain, Partially cloudy",rain
DC,2021-04-26,67.9,46,56.9,67.9,40.6,55.8,30.4,38.7,0,0,0,NA,0,0,26.4,16.8,295.2,1019,28.8,9.9,227.7,19.7,7,Partially cloudy,partly-cloudy-day
DC,2021-04-27,83.8,50.6,65.8,82,50.6,65.6,47.1,52.9,0,0,0,NA,0,0,25.3,19,167.3,1016.1,67,9.9,224.4,19.5,7,Partially cloudy,partly-cloudy-day
DC,2021-04-28,85.8,63.9,73.2,85.3,63.9,73.2,57.4,58.9,0,0,0,NA,0,0,24.2,14.1,183.8,1012.2,82.6,9.9,191.2,16.5,7,Partially cloudy,partly-cloudy-day
DC,2021-04-29,85.7,66.9,75.8,86,66.9,76.1,61.6,62.5,0,0,0,NA,0,0,29.9,18.7,189,1006.3,89.6,9.9,121.3,10.4,5,Partially cloudy,partly-cloudy-day
DC,2021-04-30,72.9,53.8,64.8,72.9,53.8,64.8,41.7,45.3,0.01,100,4.17,rain,0,0,53.7,30.9,298,1006.4,57.4,9.7,174.2,15.1,7,"Rain, Partially cloudy",rain
DC,2021-05-01,69,47,57.3,69,41,55.9,25.1,29.8,0,0,0,NA,0,0,42.1,22,286.6,1015.7,20.5,9.9,230.1,19.9,7,Partially cloudy,partly-cloudy-day
DC,2021-05-02,83,54.7,68.3,81.4,54.7,68,45.1,44.5,0,0,0,NA,0,0,28.5,19.1,192.5,1010.8,64.1,9.9,209.9,18.2,7,Partially cloudy,partly-cloudy-day
DC,2021-05-03,74.8,65.8,69.9,74.8,65.8,69.9,59.7,70.3,0.02,100,8.33,rain,0,0,26.4,15.8,207.1,1008.8,92.9,9.8,93,7.9,4,"Rain, Overcast",rain
DC,2021-05-04,83.2,65.7,71.9,84.6,65.7,72.1,64.4,78.7,0.52,100,20.83,rain,0,0,45.3,13.2,200.2,1006.8,66.9,9.8,162.7,13.9,8,"Rain, Partially cloudy",rain
DC,2021-05-05,78.9,57.8,67.4,78.9,57.8,67.4,58.6,75.7,0.05,100,16.67,rain,0,0,38.5,23.5,235.9,1007.3,71.9,9.3,137.5,11.9,5,"Rain, Partially cloudy",rain
DC,2021-05-06,64.9,48.7,57.9,64.9,46.1,57.5,36.8,45.9,0,0,0,NA,0,0,29.7,17.8,283.5,1016.3,45.5,9.9,198.8,17.2,7,Partially cloudy,partly-cloudy-day
DC,2021-05-07,63.6,49,55.2,63.6,49,55.2,44.4,68.2,0.1,100,20.83,rain,0,0,31.1,12.2,194.3,1012.5,86.8,9.8,97.5,8.5,4,"Rain, Partially cloudy",rain
DC,2021-05-08,60,44.4,52.7,60,43.3,52,38.8,61.7,0.04,100,8.33,rain,0,0,35.8,21.1,280,1014.3,65.9,9.8,174.9,15.3,7,"Rain, Partially cloudy",rain
DC,2021-05-09,67.8,47.1,57.3,67.8,44.2,56.6,42.3,58,0,0,0,NA,0,0,26.2,16.4,205.4,1015.7,84.1,9.9,126.3,10.8,6,Partially cloudy,partly-cloudy-day
DC,2021-05-10,70.1,53,61.6,70.1,53,61.6,43.3,52.1,0,0,0,NA,0,0,30.3,19.5,312.6,1013,59.9,9.9,191.2,16.6,7,Partially cloudy,partly-cloudy-day
DC,2021-05-11,68.9,52.6,60.6,68.9,52.6,60.6,36.8,41.8,0,0,0,NA,0,0,23,14.7,296.3,1019.3,71.8,9.8,151,13.1,8,Partially cloudy,partly-cloudy-day
DC,2021-05-12,66.6,49.8,57.7,66.6,45.9,57.4,33,39.7,0,0,0,NA,0,0,21.9,14.8,260.5,1024,79.1,9.9,194.1,16.7,7,Partially cloudy,partly-cloudy-day
DC,2021-05-13,71.5,48.3,61.2,71.5,45.9,61.1,35.2,41.6,0,0,0,NA,0,0,19.7,12,244.2,1024.2,40.4,9.9,199.2,17.2,8,Partially cloudy,partly-cloudy-day
DC,2021-05-14,72.8,52.2,62.2,72.8,52.2,62.2,38.5,44,0,0,0,NA,0,0,NA,8.9,161.4,1024.1,58.1,9.9,161.3,13.9,8,Partially cloudy,partly-cloudy-day
DC,2021-05-15,77.9,51.2,64.8,77.9,51.2,64.8,40.1,44.7,0,0,0,NA,0,0,NA,9.7,108,1023.6,52.3,9.9,162,13.9,7,Partially cloudy,partly-cloudy-day
DC,2021-05-16,72,53,61.4,72,53,61.4,46.8,59.5,0,0,0,NA,0,0,25.3,10.9,151.3,1024.8,86.6,9.9,131.6,11.3,7,Partially cloudy,partly-cloudy-day
DC,2021-05-17,73.8,53.4,64.5,73.8,53.4,64.5,49,59.3,0,0,0,NA,0,0,NA,7.5,134.6,1025.9,70.6,9.9,144.1,12.4,6,Partially cloudy,partly-cloudy-day
DC,2021-05-18,78.2,55.2,67.2,78.2,55.2,67.2,49.1,54.7,0,0,0,NA,0,0,NA,10.9,171.3,1027.4,44.1,9.9,235.2,20.3,8,Partially cloudy,partly-cloudy-day
DC,2021-05-19,83.9,58.4,71.5,81.9,58.4,71.2,51.6,51.6,0,0,0,NA,0,0,NA,12,189.8,1027.4,24.5,9.6,232.3,20.2,8,Partially cloudy,partly-cloudy-day
DC,2021-05-20,89.5,62.2,74.3,87.1,62.2,73.8,53.9,52.8,0,0,0,NA,0,0,23,15.4,163.5,1029.1,43.3,9.9,224.7,19.3,7,Partially cloudy,partly-cloudy-day
DC,2021-05-21,82.8,59,70.8,81.4,59,70.6,48.9,47.8,0,0,0,NA,0,0,NA,11,138.7,1032.4,51.1,9.9,235.5,20.5,8,Partially cloudy,partly-cloudy-day
DC,2021-05-22,89.8,62.2,76.8,87.8,62.2,76.2,54.5,48.1,0,0,0,NA,0,0,22.5,14.5,257.5,1025.1,83,9.9,182.8,15.7,7,Partially cloudy,partly-cloudy-day
DC,2021-05-23,92.7,74.3,84,92.5,74.3,83.9,57.6,41.1,0,0,0,NA,0,0,30.2,19,306.5,1017.2,58.8,9.9,224.4,19.5,7,Partially cloudy,partly-cloudy-day
DC,2021-05-24,83.5,60.7,68.4,83.9,60.7,68.4,57.5,69.3,0.34,100,33.33,rain,0,0,21.9,15.5,105,1022.7,96.7,8.9,51.6,4.4,2,"Rain, Overcast",rain
DC,2021-05-25,78,58.7,66.9,78,58.7,66.9,57.7,72.9,0,0,0,NA,0,0,NA,11,149.8,1024.1,86.9,9.9,195.9,17,7,Partially cloudy,partly-cloudy-day
DC,2021-05-26,90.1,68.8,76.2,93.8,68.8,77.2,67.1,75.1,0.87,100,16.67,rain,0,0,39.1,16.3,182.3,1017,71.5,9.7,210.1,18.2,7,"Rain, Partially cloudy",rain
DC,2021-05-27,84.7,69.7,77.1,82.9,69.7,76.8,59.3,56.6,0,0,0,NA,0,0,20.8,16.5,281.7,1015.7,59.1,9.9,219.2,18.9,8,Partially cloudy,partly-cloudy-day
DC,2021-05-28,74.8,62,70.2,74.8,62,70.2,58.2,66.6,0.69,100,20.83,rain,0,0,19.7,14.1,78,1011.9,89,9.6,103.4,8.7,6,"Rain, Partially cloudy",rain
DC,2021-05-29,60.9,51.9,54.4,60.9,51.9,54.4,50.5,86.9,0.96,100,66.67,rain,0,0,27.7,16.6,29.8,1013.3,99.8,6.9,46.6,4,2,"Rain, Overcast",rain
DC,2021-05-30,56.6,49.7,53.2,56.6,44.1,52.6,46.4,77.8,0.17,100,20.83,rain,0,0,21.9,16,164,1021.2,97.6,9.5,71.1,6,2,"Rain, Overcast",rain
DC,2021-05-31,74.7,49.7,62.5,74.7,47.6,62.4,47.1,60.2,0,0,0,NA,0,0,20.8,13.8,270.9,1025.1,43.5,9.9,242.7,21.1,7,Partially cloudy,partly-cloudy-day
DC,2021-06-01,77,57.2,67.7,77,57.2,67.7,56.4,68.2,0,0,0,NA,0,0,17.2,14.6,190.6,1024.6,75.6,9.9,218.8,18.8,8,Partially cloudy,partly-cloudy-day
DC,2021-06-02,80.7,64.4,71.4,81.4,64.4,71.5,58.3,64.2,0,0,0,NA,0,0,21.9,13.9,169.2,1022,89.6,9.9,213.9,18.6,7,Partially cloudy,partly-cloudy-day
DC,2021-06-03,82.1,66.7,72.7,85,66.7,73.3,65.9,79.9,0.1,100,16.67,rain,0,0,21.9,18,181,1016.4,93.8,9,157.5,13.6,6,"Rain, Overcast",rain
DC,2021-06-04,84.7,70,74.7,84.8,70,74.8,65.6,75.9,0.09,100,8.33,rain,0,0,24.2,12.4,214,1013.9,77,9.9,205.3,17.8,7,"Rain, Partially cloudy",rain
DC,2021-06-05,91,68.6,79.7,91.6,68.6,80.1,64.4,63.1,0,0,0,NA,0,0,23,14.8,171.4,1016.3,29.9,9.9,240.3,20.7,8,Partially cloudy,partly-cloudy-day
DC,2021-06-06,91.9,71.3,81.2,95.3,71.3,83.3,67.4,64.7,0,0,0,NA,0,0,NA,12.4,177.9,1017.7,45.3,9.9,248.8,21.5,8,Partially cloudy,partly-cloudy-day
DC,2021-06-07,89.9,75.3,82.3,97.9,75.3,86.2,71.5,70.5,0,0,0,NA,0,0,NA,13.3,180.6,1018.4,70.9,9.9,220.1,18.9,8,Partially cloudy,partly-cloudy-day
DC,2021-06-08,88.1,75.6,81.6,96.6,75.6,85.2,71.4,71.5,0.01,100,4.17,rain,0,0,NA,13.1,175.4,1017.7,81.3,9.9,179.8,15.7,6,"Rain, Partially cloudy",rain
DC,2021-06-09,87.9,75.5,81.5,93.8,75.5,83.9,69.5,67.4,0,0,0,NA,0,0,NA,12.1,262.4,1016.7,82.6,9.9,127.1,11,4,Partially cloudy,partly-cloudy-day
DC,2021-06-10,87.2,71.7,77.8,91.6,71.7,78.9,69.3,76,0.94,100,29.17,rain,0,0,17.2,14,184.2,1014.4,88.4,9.1,135.5,11.6,6,"Rain, Partially cloudy",rain
DC,2021-06-11,70.8,66.7,68.9,70.8,66.7,68.9,66.2,91,1.74,100,66.67,rain,0,0,17.2,14.9,59.3,1011.5,100,6.7,29.6,2.3,1,"Rain, Overcast",rain
DC,2021-06-12,78.7,64.9,70.8,78.7,64.9,70.8,61,72.6,0,0,0,NA,0,0,21.9,13.1,64.3,1010.5,89.6,9.8,151.7,13,6,Partially cloudy,partly-cloudy-day
DC,2021-06-13,81.9,67.5,74.1,83.7,67.5,74.2,64.1,71.6,0,0,0,NA,0,0,NA,12.3,164,1012.4,83.5,9.9,169.2,14.6,7,Partially cloudy,partly-cloudy-day
DC,2021-06-14,87.8,67.6,77,89.7,67.6,77.9,64.4,66.2,0.14,100,4.17,rain,0,0,38.6,19.3,196.4,1009.6,67.9,9.6,213,18.3,8,"Rain, Partially cloudy",rain
DC,2021-06-15,80.8,65.9,73.6,80.6,65.9,73.6,59.2,63.5,1.57,100,12.5,rain,0,0,29.8,18.9,297.8,1009.7,58.7,9.5,222,19.4,8,"Rain, Partially cloudy",rain
DC,2021-06-16,80,65.8,73,80,65.8,73,48,42.9,0,0,0,NA,0,0,22.9,13.7,318.8,1013,48.1,9.9,261.6,22.5,8,Partially cloudy,partly-cloudy-day
DC,2021-06-17,79,60.1,71.3,79,60.1,71.3,42.8,37.1,0,0,0,NA,0,0,19.7,11.9,282.6,1016.5,40.5,9.9,258.1,22.3,8,Partially cloudy,partly-cloudy-day
DC,2021-06-18,84.7,60.2,73.7,83.8,60.2,73.6,54.7,52.7,0,0,0,NA,0,0,21.9,14.6,194.2,1016.3,42.4,9.9,233.4,20,8,Partially cloudy,partly-cloudy-day
DC,2021-06-19,86.9,73,78.9,89,73,79.7,64.4,61.6,0,0,0,NA,0,0,23.3,13.9,193.5,1010.6,86.6,9.9,105.4,9,5,Partially cloudy,partly-cloudy-day
DC,2021-06-20,88.2,72.6,80.4,94.1,72.6,83.1,70.5,73,0.15,100,8.33,rain,0,0,NA,14.8,199.1,1009.8,79.6,9.3,238.9,20.5,8,"Rain, Partially cloudy",rain
DC,2021-06-21,89.9,74.6,80.4,99.1,74.6,83,71.5,75.3,0.05,100,4.17,rain,0,0,31.5,14.6,179.8,1006.2,80.1,9.9,220.6,19.1,8,"Rain, Partially cloudy",rain
DC,2021-06-22,75.5,64.3,70.2,75.5,64.3,70.2,62.7,77.9,0.33,100,25,rain,0,0,21.9,12.8,265.5,1009,82.5,9.3,56.9,4.8,2,"Rain, Partially cloudy",rain
DC,2021-06-23,77.6,56.2,67.2,77.6,56.2,67.2,46.9,50.5,0,0,0,NA,0,0,NA,12.4,174.4,1022.4,34.4,9.9,253.9,22.1,8,Partially cloudy,partly-cloudy-day
DC,2021-06-24,77.9,59.4,70.4,77.9,59.4,70.4,51.7,53,0,0,0,NA,0,0,17.2,9.7,126.2,1026.7,40.3,9.9,233.2,20.2,7,Partially cloudy,partly-cloudy-day
DC,2021-06-25,80,62.2,71.8,80.7,62.2,71.8,59,65.2,0,0,0,NA,0,0,NA,12.3,142.6,1025.4,56.3,9.9,233.4,20,8,Partially cloudy,partly-cloudy-day
DC,2021-06-26,84.7,72.8,78.3,88.8,72.8,80.1,70,76.3,0.12,100,8.33,rain,0,0,17.7,14.8,181.3,1022.5,89.6,9.7,203.4,17.6,9,"Rain, Partially cloudy",rain
DC,2021-06-27,88.1,73.8,80.9,95.6,73.8,84.2,71,72.7,0,0,0,NA,0,0,27.3,17.8,186,1021.9,77.7,9.9,233,20.2,7,Partially cloudy,partly-cloudy-day
DC,2021-06-28,90,75.5,83,99.1,75.5,86.9,71.6,69.4,0,0,0,NA,0,0,NA,13.6,179.8,1023.4,30.7,9.9,264.6,22.9,8,Partially cloudy,partly-cloudy-day
DC,2021-06-29,92.8,76.5,83.9,98.9,76.5,88.1,72,68.8,0,0,0,NA,0,0,20.8,15.4,186,1023.3,38.5,9.9,259.5,22.5,8,Partially cloudy,partly-cloudy-day
DC,2021-06-30,93.9,75.4,84.9,102.9,75.4,88.8,69.6,61.3,0.03,100,8.33,rain,0,0,33.3,14.9,211.7,1017.7,41.4,9.9,232.3,20,8,"Rain, Partially cloudy",rain
DC,2021-07-01,90.1,71.6,79.2,96.3,71.6,80.7,70,74.2,1.18,100,12.5,rain,0,0,57.2,8.8,181.5,1012.1,79.1,9.9,129.9,11.1,6,"Rain, Partially cloudy",rain
DC,2021-07-02,80.9,70.8,74.6,81.5,70.8,74.7,62.1,68.6,0.11,100,25,rain,0,0,27.7,16.6,274.8,1008.7,81.2,9.9,147.1,12.8,6,"Rain, Partially cloudy",rain
DC,2021-07-03,80.6,62.9,72,80.6,62.9,72,55.6,57.5,0.01,100,4.17,rain,0,0,32.6,15.5,296,1009.9,70.3,9.9,182.5,15.8,7,"Rain, Partially cloudy",rain
DC,2021-07-04,83.8,64.5,75.4,84.1,64.5,75.5,60.3,61.4,0,0,0,NA,0,0,NA,11,235.5,1012.8,58.5,9.8,206.8,17.9,7,Partially cloudy,partly-cloudy-day
DC,2021-07-05,88,70.4,79.5,91.5,70.4,80.9,66.4,65.3,0,0,0,NA,0,0,NA,13.7,139.1,1016.8,68.1,9.1,215.7,18.4,7,Partially cloudy,partly-cloudy-day
DC,2021-07-06,92.8,73.6,83.1,101.5,73.6,87.3,70.2,66.3,0,0,0,NA,0,0,27.4,15.5,190.3,1017,35.9,9.9,222.5,19.3,7,Partially cloudy,partly-cloudy-day
DC,2021-07-07,92.8,76.5,84.8,103.7,76.5,89.8,71.2,64.6,0,0,0,NA,0,0,16.1,15.4,182.8,1014.9,46.6,9.1,226.1,19.5,7,Partially cloudy,partly-cloudy-day
DC,2021-07-08,84.9,72.9,79.6,92.2,72.9,81.7,70,72.7,0.23,100,20.83,rain,0,0,32.2,17.8,158.8,1014.1,88.4,9.9,118.9,10.3,5,"Rain, Partially cloudy",rain
DC,2021-07-09,89.7,70.9,77.3,95.3,70.9,78.7,69.6,78.2,0.82,100,16.67,rain,0,0,29.9,16.9,212.3,1011.6,69.7,9.4,169.9,14.9,7,"Rain, Partially cloudy",rain
DC,2021-07-10,82.9,70.7,76.7,83.9,70.7,77,62.4,62.6,0,0,0,NA,0,0,20.8,14.5,286.2,1016.3,80.1,9.9,233.1,20,7,Partially cloudy,partly-cloudy-day
DC,2021-07-11,89.8,74.4,81.9,98,74.4,86.1,70,67.6,0,0,0,NA,0,0,19.7,15.4,172.8,1016.7,80,9.9,194.2,16.7,7,Partially cloudy,partly-cloudy-day
DC,2021-07-12,91.1,77.9,84.1,102.7,77.9,89.5,73.6,71.6,0,0,0,NA,0,0,NA,16.6,188.5,1018.6,65.8,9.9,221.4,19.3,7,Partially cloudy,partly-cloudy-day
DC,2021-07-13,92.8,77.9,85.1,102.8,77.9,90.4,72.1,66.1,0,0,0,NA,0,0,25.7,18.8,187.2,1021.1,61.4,9.9,218.6,18.9,8,Partially cloudy,partly-cloudy-day
DC,2021-07-14,89.9,73.8,81.6,93.8,73.8,83.6,69.3,67.9,0,0,0,NA,0,0,NA,11.3,217.5,1021.3,65.2,9.7,135.1,11.6,7,Partially cloudy,partly-cloudy-day
DC,2021-07-15,90,71.6,81.6,97.1,71.6,84.5,69.7,69.1,0,0,0,NA,0,0,NA,13.3,192,1019.2,68.1,9.9,200.3,17.2,7,Partially cloudy,partly-cloudy-day
DC,2021-07-16,92.9,77.6,85.4,97.1,77.6,88.9,69,59.1,0,0,0,NA,0,0,NA,15.3,170.4,1017,52.1,9.9,231.7,20.1,8,Partially cloudy,partly-cloudy-day
DC,2021-07-17,92.9,78.5,84.6,104,78.5,90,72.1,66.9,0,0,0,NA,0,0,28.4,20,198.8,1016.2,66.4,9.9,191.3,16.7,8,Partially cloudy,partly-cloudy-day
DC,2021-07-18,83,73.9,78.1,83.4,73.9,78.2,62.7,60,0,0,0,NA,0,0,28.7,17.1,279.1,1017.3,72.8,9.9,191.1,16.5,7,Partially cloudy,partly-cloudy-day
DC,2021-07-19,88.9,71.8,79.9,89.2,71.8,80.5,63.3,58.1,0,0,0,NA,0,0,NA,10.1,240,1017.2,73.2,9.9,187,16.1,6,Partially cloudy,partly-cloudy-day
DC,2021-07-20,92.8,72.3,82.4,93.8,72.3,83.4,65,57.6,0,0,0,NA,0,0,NA,10.8,280,1014.1,13.6,9.4,191.4,16.3,6,Clear,clear-day
DC,2021-07-21,88.7,75.3,81.2,93.8,75.3,82.4,65.7,60,0.41,100,4.17,rain,0,0,50.6,19.1,255.8,1012.8,41.6,8.8,163.7,14,5,"Rain, Partially cloudy",rain
DC,2021-07-22,83.7,68.7,76.2,82,68.7,75.9,54.3,48.3,0,0,0,NA,0,0,19.7,13.8,247.3,1019.8,62,9.9,216,18.5,7,Partially cloudy,partly-cloudy-day
DC,2021-07-23,85.7,67.3,76.4,83.7,67.3,75.9,54.6,48.6,0,0,0,NA,0,0,NA,9.8,143.6,1020.9,64.9,9.9,212.8,18.5,7,Partially cloudy,partly-cloudy-day
DC,2021-07-24,85.7,69.2,77.4,87,69.2,77.7,61.5,58.7,0.02,100,8.33,rain,0,0,23,15.5,159.5,1018.7,80.7,9.8,138.8,12.1,7,"Rain, Partially cloudy",rain
DC,2021-07-25,88.3,73.9,80.5,94.8,73.9,83.8,68.8,67.8,0,0,0,NA,0,0,23,14.3,188.9,1013.6,86.4,9.9,61,5.2,3,Partially cloudy,partly-cloudy-day
DC,2021-07-26,96,74.6,82.6,98.5,74.6,84.5,69.3,67,0.27,100,4.17,rain,0,0,32.3,13.6,177.4,1013.2,75.2,9.6,58.2,4.9,3,"Rain, Partially cloudy",rain
DC,2021-07-27,94.8,72.6,82.7,95.6,72.6,83.6,66.3,62,0.07,100,4.17,rain,0,0,NA,10.8,177.5,1014.7,40.6,9.8,76.7,6.7,5,"Rain, Partially cloudy",rain
DC,2021-07-28,92.8,75.3,83.1,93.6,75.3,83.9,64.8,56,0.4,100,4.17,rain,0,0,19.7,12.4,177.9,1015,40.4,9.8,73.8,6.3,5,"Rain, Partially cloudy",rain
DC,2021-07-29,87.1,73.7,79.2,92.8,73.7,81.6,71.1,77.1,0.2,100,8.33,rain,0,0,23,14.1,178.8,1013.4,85.4,9.8,43.7,3.8,2,"Rain, Partially cloudy",rain
DC,2021-07-30,89.6,75.6,82.5,89.7,75.6,82.9,63.8,56.3,0,0,0,NA,0,0,25.7,15,319.5,1010.8,54.3,9.9,69.1,5.9,5,Partially cloudy,partly-cloudy-day
DC,2021-07-31,80.8,69.6,74.7,81.2,69.6,74.7,57,54.5,0,0,0,NA,0,0,NA,11.9,118.4,1015.5,82.6,9.9,72.3,6.2,5,Partially cloudy,partly-cloudy-day
DC,2021-08-01,80.5,70.8,74.4,82.9,70.8,74.5,67.3,79,0.41,100,25,rain,0,0,25.3,13.2,204,1011.7,92.2,9.3,31.6,3,1,"Rain, Overcast",rain
DC,2021-08-02,82.5,66.4,73.9,81.9,66.4,73.9,58.1,59.6,0,0,0,NA,0,0,20.8,13.4,261.9,1016.3,38.5,9.9,52.5,4.5,3,Partially cloudy,partly-cloudy-day
DC,2021-08-03,80.7,67.4,73.8,81,67.4,73.9,59.9,63.1,0,0,0,NA,0,0,NA,10.1,118.5,1019.1,86.3,9.9,48.4,4.1,2,Partially cloudy,partly-cloudy-day
DC,2021-08-04,81.8,68.5,74.2,81.4,68.5,74.1,59.4,62,0,0,0,NA,0,0,24.2,13,70,1019.1,60.3,9.9,67.3,5.8,4,Partially cloudy,partly-cloudy-day
DC,2021-08-05,86.9,66,76.3,85.9,66,76.2,59.9,59,0,0,0,NA,0,0,NA,9.9,133.4,1019.8,49.7,9.9,75.6,6.4,6,Partially cloudy,partly-cloudy-day
DC,2021-08-06,89.7,70.4,79.5,90.2,70.4,80,64.1,61.4,0,0,0,NA,0,0,21.9,14.4,184.2,1021,70,9.9,74.6,6.4,6,Partially cloudy,partly-cloudy-day
DC,2021-08-07,76.8,69.5,72.5,76.8,69.5,72.5,65.9,80,0.25,100,12.5,rain,0,0,NA,9.4,145.8,1018.5,92.1,9.8,24,2.1,1,"Rain, Overcast",rain
DC,2021-08-08,90.6,68.7,77.9,90.5,68.7,78.4,64.6,66.2,0,0,0,NA,0,0,NA,11.2,241.3,1017.8,50.9,9.8,80.2,6.9,6,Partially cloudy,partly-cloudy-day
DC,2021-08-09,90.5,73.5,80.1,98.1,73.5,82.5,70.8,74.7,0.01,100,4.17,rain,0,0,23,15.7,149.3,1019.6,72.6,9.9,57.1,4.8,3,"Rain, Partially cloudy",rain
DC,2021-08-10,92.9,75.7,81.7,103.1,75.7,84.4,72,74,0.6,100,8.33,rain,0,0,44.7,23.3,167.5,1019.2,54.2,9.8,65.6,5.6,5,"Rain, Partially cloudy",rain
DC,2021-08-11,94.9,74.6,81.2,104.1,74.6,84.2,71.9,74.7,0.07,100,8.33,rain,0,0,34.4,12.6,188.5,1017.7,62.5,9.9,74.9,6.4,5,"Rain, Partially cloudy",rain
DC,2021-08-12,96,73.7,83.8,104.1,73.7,89.1,72.7,71,0,0,0,NA,0,0,NA,15.4,191.4,1017.1,40.4,9.9,71.6,6.1,5,Partially cloudy,partly-cloudy-day
DC,2021-08-13,96,74.7,84.7,102.5,74.7,89.4,71.2,66,0.1,100,16.67,rain,0,0,34.4,15.3,219.8,1018,78.2,9.9,67.2,5.8,5,"Rain, Partially cloudy",rain
DC,2021-08-14,91.8,73.7,82.2,98.6,73.7,85.2,70.3,69.2,0,0,0,NA,0,0,17.2,10.1,184.3,1019,82.8,9.9,64.5,5.5,4,Partially cloudy,partly-cloudy-day
DC,2021-08-15,82.7,72.8,77.3,83.8,72.8,77.6,65.2,67.6,2.48,100,29.17,rain,0,0,32.2,12.9,80,1021.6,92,9.3,52.9,4.5,3,"Rain, Overcast",rain
DC,2021-08-16,82.7,73.3,76.8,87.3,73.3,77.1,69.7,79.2,0.69,100,37.5,rain,0,0,21.9,9.9,114.6,1021,97.2,9.5,34.4,2.8,1,"Rain, Overcast",rain
DC,2021-08-17,87,72.8,80,96.2,72.8,83.6,72.9,79.9,0.62,100,16.67,rain,0,0,36.7,10,138.2,1020.5,89.6,9.6,40.1,3.4,1,"Rain, Partially cloudy",rain
DC,2021-08-18,87,78.8,82.4,97.3,78.8,87.9,75.5,79.9,0.33,100,12.5,rain,0,0,30.8,20,167.7,1018.6,82.5,9.8,48.7,4.1,3,"Rain, Partially cloudy",rain
DC,2021-08-19,90.9,75.6,82.8,95.8,75.6,85.3,70.7,68.7,0.02,100,4.17,rain,0,0,20.8,12.9,243.4,1016.1,76.9,9.9,54.2,4.6,4,"Rain, Partially cloudy",rain
DC,2021-08-20,83.5,71,77.3,86,71,77.8,69,76.7,2.13,100,37.5,rain,0,0,NA,13.1,138.5,1013.5,91.8,8.4,49.9,4.3,3,"Rain, Overcast",rain
DC,2021-08-21,85.7,74.4,79.9,90.1,74.4,81.7,69.6,71.4,0.11,100,8.33,rain,0,0,NA,9.5,130.3,1012.1,83.8,9.9,37.4,3.3,1,"Rain, Partially cloudy",rain
DC,2021-08-22,82.9,73.6,78.2,87.3,73.6,79.7,69.4,74.8,0.09,100,8.33,rain,0,0,42.5,8.7,187.3,1012.2,68.5,9.9,36.9,3.2,1,"Rain, Partially cloudy",rain
DC,2021-08-23,92.7,73.7,83.3,97.1,73.7,85.9,68.7,63.5,0,0,0,NA,0,0,22.9,16.5,256.7,1011.5,66.2,9.8,63.7,5.4,4,Partially cloudy,partly-cloudy-day
DC,2021-08-24,92.6,75.6,83.6,98,75.6,86.6,69.5,64.2,0.02,100,4.17,rain,0,0,NA,14.4,270,1015.4,47.2,9.8,70.9,6,5,"Rain, Partially cloudy",rain
DC,2021-08-25,92.5,74.5,83,100.7,74.5,86.5,71.8,71.1,0.04,100,8.33,rain,0,0,19.7,9.8,138.8,1019,43.2,9.8,64.6,5.5,4,"Rain, Partially cloudy",rain
DC,2021-08-26,90.2,75.5,80.3,100.2,75.5,83.2,71.9,76.1,0.52,100,16.67,rain,0,0,26.8,14.9,137.1,1019.8,80.7,8.9,67.7,5.9,6,"Rain, Partially cloudy",rain
DC,2021-08-27,91.2,75.3,80.7,101.1,75.3,83.4,73,78.3,0.29,100,12.5,rain,0,0,31.7,13.1,129.6,1018.9,56.6,9.1,53.1,4.6,6,"Rain, Partially cloudy",rain
DC,2021-08-28,90.7,75.5,81.8,99.5,75.5,85.2,72.4,74.4,0,0,0,NA,0,0,NA,14,143.3,1021.1,56.5,9,64.8,5.6,5,Partially cloudy,partly-cloudy-day
DC,2021-08-29,82.9,72.9,77.7,86.8,72.9,78.8,69.5,76.7,0,0,0,NA,0,0,NA,10.8,87.9,1021.2,88.9,9.7,41.4,3.6,1,Partially cloudy,partly-cloudy-day
DC,2021-08-30,92.6,74.4,80.6,99.8,74.4,83,71.2,74.7,0,0,0,NA,0,0,20.8,15.7,205.3,1013.6,63.1,9.1,68.5,5.9,7,Partially cloudy,partly-cloudy-day
DC,2021-08-31,85.8,74.5,80.1,90.5,74.5,82.4,70.1,72.3,0,0,0,NA,0,0,NA,8.7,169.3,1010,79.1,9.6,30.4,2.7,1,Partially cloudy,partly-cloudy-day
DC,2021-09-01,83.6,67.8,76.8,89.2,67.8,77.7,71.4,83.7,1.18,100,25,rain,0,0,40.3,24.2,160.9,1003.9,93,9.3,21.6,1.7,1,"Rain, Overcast",rain
