Domain,Area,Element,Item,Year,Value,Flag
Burning - Crop Residues,United States of America,Biomass burned (dry matter),Maize (corn),1961,23323008.0,E
Burning - Crop Residues,United States of America,Emissions (N2O),Maize (corn),1961,1.6326,E
Burning - Crop Residues,United States of America,Emissions (CH4),Maize (corn),1961,62.9721,E
Burning - Crop Residues,United States of America,Biomass burned (dry matter),Maize (corn),1962,22551008.0,E
Burning - Crop Residues,United States of America,Emissions (N2O),Maize (corn),1962,1.5786,E
Burning - Crop Residues,United States of America,Emissions (CH4),Maize (corn),1962,60.8877,E
Burning - Crop Residues,United States of America,Biomass burned (dry matter),Maize (corn),1963,23968000.0,E
Burning - Crop Residues,United States of America,Emissions (N2O),Maize (corn),1963,1.6778,E
Burning - Crop Residues,United States of America,Emissions (CH4),Maize (corn),1963,64.7136,E
Burning - Crop Residues,United States of America,Biomass burned (dry matter),Maize (corn),1964,22407008.0,E
Burning - Crop Residues,United States of America,Emissions (N2O),Maize (corn),1964,1.5685,E
Burning - Crop Residues,United States of America,Emissions (CH4),Maize (corn),1964,60.4989,E
Burning - Crop Residues,United States of America,Biomass burned (dry matter),Maize (corn),1965,22416032.0,E
Burning - Crop Residues,United States of America,Emissions (N2O),Maize (corn),1965,1.5691,E
Burning - Crop Residues,United States of America,Emissions (CH4),Maize (corn),1965,60.5233,E
Burning - Crop Residues,United States of America,Biomass burned (dry matter),Maize (corn),1966,23067568.0,E
Burning - Crop Residues,United States of America,Emissions (N2O),Maize (corn),1966,1.6147,E
Burning - Crop Residues,United States of America,Emissions (CH4),Maize (corn),1966,62.2824,E
Burning - Crop Residues,United States of America,Biomass burned (dry matter),Maize (corn),1967,24561648.0,E
Burning - Crop Residues,United States of America,Emissions (N2O),Maize (corn),1967,1.7193,E
Burning - Crop Residues,United States of America,Emissions (CH4),Maize (corn),1967,66.3164,E
Burning - Crop Residues,United States of America,Biomass burned (dry matter),Maize (corn),1968,22653984.0,E
Burning - Crop Residues,United States of America,Emissions (N2O),Maize (corn),1968,1.5858,E
Burning - Crop Residues,United States of America,Emissions (CH4),Maize (corn),1968,61.1658,E
Burning - Crop Residues,United States of America,Biomass burned (dry matter),Maize (corn),1969,22085008.0,E
Burning - Crop Residues,United States of America,Emissions (N2O),Maize (corn),1969,1.546,E
Burning - Crop Residues,United States of America,Emissions (CH4),Maize (corn),1969,59.6295,E
Burning - Crop Residues,United States of America,Biomass burned (dry matter),Maize (corn),1970,23211632.0,E
Burning - Crop Residues,United States of America,Emissions (N2O),Maize (corn),1970,1.6248,E
Burning - Crop Residues,United States of America,Emissions (CH4),Maize (corn),1970,62.6714,E
Burning - Crop Residues,United States of America,Biomass burned (dry matter),Maize (corn),1971,25949296.0,E
Burning - Crop Residues,United States of America,Emissions (N2O),Maize (corn),1971,1.8165,E
Burning - Crop Residues,United States of America,Emissions (CH4),Maize (corn),1971,70.0631,E
Burning - Crop Residues,United States of America,Biomass burned (dry matter),Maize (corn),1972,23274368.0,E
Burning - Crop Residues,United States of America,Emissions (N2O),Maize (corn),1972,1.6292,E
Burning - Crop Residues,United States of America,Emissions (CH4),Maize (corn),1972,62.8408,E
Burning - Crop Residues,United States of America,Biomass burned (dry matter),Maize (corn),1973,25148032.0,E
Burning - Crop Residues,United States of America,Emissions (N2O),Maize (corn),1973,1.7604,E
Burning - Crop Residues,United States of America,Emissions (CH4),Maize (corn),1973,67.8997,E
Burning - Crop Residues,United States of America,Biomass burned (dry matter),Maize (corn),1974,26468096.0,E
Burning - Crop Residues,United States of America,Emissions (N2O),Maize (corn),1974,1.8528,E
Burning - Crop Residues,United States of America,Emissions (CH4),Maize (corn),1974,71.4639,E
Burning - Crop Residues,United States of America,Biomass burned (dry matter),Maize (corn),1975,27366480.0,E
Burning - Crop Residues,United States of America,Emissions (N2O),Maize (corn),1975,1.9157,E
Burning - Crop Residues,United States of America,Emissions (CH4),Maize (corn),1975,73.8895,E
Burning - Crop Residues,United States of America,Biomass burned (dry matter),Maize (corn),1976,28937056.0,E
Burning - Crop Residues,United States of America,Emissions (N2O),Maize (corn),1976,2.0256,E
Burning - Crop Residues,United States of America,Emissions (CH4),Maize (corn),1976,78.1301,E
Burning - Crop Residues,United States of America,Biomass burned (dry matter),Maize (corn),1977,28980752.0,E
Burning - Crop Residues,United States of America,Emissions (N2O),Maize (corn),1977,2.0287,E
Burning - Crop Residues,United States of America,Emissions (CH4),Maize (corn),1977,78.248,E
Burning - Crop Residues,United States of America,Biomass burned (dry matter),Maize (corn),1978,29109344.0,E
Burning - Crop Residues,United States of America,Emissions (N2O),Maize (corn),1978,2.0377,E
Burning - Crop Residues,United States of America,Emissions (CH4),Maize (corn),1978,78.5952,E
Burning - Crop Residues,United States of America,Biomass burned (dry matter),Maize (corn),1979,29298800.0,E
Burning - Crop Residues,United States of America,Emissions (N2O),Maize (corn),1979,2.0509,E
Burning - Crop Residues,United States of America,Emissions (CH4),Maize (corn),1979,79.1068,E
Burning - Crop Residues,United States of America,Biomass burned (dry matter),Maize (corn),1980,29525904.0,E
Burning - Crop Residues,United States of America,Emissions (N2O),Maize (corn),1980,2.0668,E
Burning - Crop Residues,United States of America,Emissions (CH4),Maize (corn),1980,79.7199,E
Burning - Crop Residues,United States of America,Biomass burned (dry matter),Maize (corn),1981,30158400.0,E
Burning - Crop Residues,United States of America,Emissions (N2O),Maize (corn),1981,2.1111,E
Burning - Crop Residues,United States of America,Emissions (CH4),Maize (corn),1981,81.4277,E
Burning - Crop Residues,United States of America,Biomass burned (dry matter),Maize (corn),1982,29427904.0,E
Burning - Crop Residues,United States of America,Emissions (N2O),Maize (corn),1982,2.06,E
Burning - Crop Residues,United States of America,Emissions (CH4),Maize (corn),1982,79.4553,E
Burning - Crop Residues,United States of America,Biomass burned (dry matter),Maize (corn),1983,20834000.0,E
Burning - Crop Residues,United States of America,Emissions (N2O),Maize (corn),1983,1.4584,E
Burning - Crop Residues,United States of America,Emissions (CH4),Maize (corn),1983,56.2518,E
Burning - Crop Residues,United States of America,Biomass burned (dry matter),Maize (corn),1984,29095008.0,E
Burning - Crop Residues,United States of America,Emissions (N2O),Maize (corn),1984,2.0367,E
Burning - Crop Residues,United States of America,Emissions (CH4),Maize (corn),1984,78.5565,E
Burning - Crop Residues,United States of America,Biomass burned (dry matter),Maize (corn),1985,30436000.0,E
Burning - Crop Residues,United States of America,Emissions (N2O),Maize (corn),1985,2.1305,E
Burning - Crop Residues,United States of America,Emissions (CH4),Maize (corn),1985,82.1772,E
Burning - Crop Residues,United States of America,Biomass burned (dry matter),Maize (corn),1986,27885008.0,E
Burning - Crop Residues,United States of America,Emissions (N2O),Maize (corn),1986,1.952,E
Burning - Crop Residues,United States of America,Emissions (CH4),Maize (corn),1986,75.2895,E
Burning - Crop Residues,United States of America,Biomass burned (dry matter),Maize (corn),1987,24080000.0,E
Burning - Crop Residues,United States of America,Emissions (N2O),Maize (corn),1987,1.6856,E
Burning - Crop Residues,United States of America,Emissions (CH4),Maize (corn),1987,65.016,E
Burning - Crop Residues,United States of America,Biomass burned (dry matter),Maize (corn),1988,23573008.0,E
Burning - Crop Residues,United States of America,Emissions (N2O),Maize (corn),1988,1.6501,E
Burning - Crop Residues,United States of America,Emissions (CH4),Maize (corn),1988,63.6471,E
Burning - Crop Residues,United States of America,Biomass burned (dry matter),Maize (corn),1989,26216000.0,E
Burning - Crop Residues,United States of America,Emissions (N2O),Maize (corn),1989,1.8351,E
Burning - Crop Residues,United States of America,Emissions (CH4),Maize (corn),1989,70.7832,E
Burning - Crop Residues,United States of America,Biomass burned (dry matter),Maize (corn),1990,27094800.0,E
Burning - Crop Residues,United States of America,Emissions (N2O),Maize (corn),1990,1.8966,E
Burning - Crop Residues,United States of America,Emissions (CH4),Maize (corn),1990,73.156,E
Burning - Crop Residues,United States of America,Biomass burned (dry matter),Maize (corn),1991,27851580.0,E
Burning - Crop Residues,United States of America,Emissions (N2O),Maize (corn),1991,1.9496,E
Burning - Crop Residues,United States of America,Emissions (CH4),Maize (corn),1991,75.1993,E
Burning - Crop Residues,United States of America,Biomass burned (dry matter),Maize (corn),1992,29168840.0,E
Burning - Crop Residues,United States of America,Emissions (N2O),Maize (corn),1992,2.0418,E
Burning - Crop Residues,United States of America,Emissions (CH4),Maize (corn),1992,78.7559,E
Burning - Crop Residues,United States of America,Biomass burned (dry matter),Maize (corn),1993,25468360.0,E
Burning - Crop Residues,United States of America,Emissions (N2O),Maize (corn),1993,1.7828,E
Burning - Crop Residues,United States of America,Emissions (CH4),Maize (corn),1993,68.7646,E
Burning - Crop Residues,United States of America,Biomass burned (dry matter),Maize (corn),1994,29345690.0,E
Burning - Crop Residues,United States of America,Emissions (N2O),Maize (corn),1994,2.0542,E
Burning - Crop Residues,United States of America,Emissions (CH4),Maize (corn),1994,79.2334,E
Burning - Crop Residues,United States of America,Biomass burned (dry matter),Maize (corn),1995,26389830.0,E
Burning - Crop Residues,United States of America,Emissions (N2O),Maize (corn),1995,1.8473,E
Burning - Crop Residues,United States of America,Emissions (CH4),Maize (corn),1995,71.2525,E
Burning - Crop Residues,United States of America,Biomass burned (dry matter),Maize (corn),1996,29398300.0,E
Burning - Crop Residues,United States of America,Emissions (N2O),Maize (corn),1996,2.0579,E
Burning - Crop Residues,United States of America,Emissions (CH4),Maize (corn),1996,79.3754,E
Burning - Crop Residues,United States of America,Biomass burned (dry matter),Maize (corn),1997,29409230.0,E
Burning - Crop Residues,United States of America,Emissions (N2O),Maize (corn),1997,2.0586,E
Burning - Crop Residues,United States of America,Emissions (CH4),Maize (corn),1997,79.4049,E
Burning - Crop Residues,United States of America,Biomass burned (dry matter),Maize (corn),1998,29376040.0,E
Burning - Crop Residues,United States of America,Emissions (N2O),Maize (corn),1998,2.0563,E
Burning - Crop Residues,United States of America,Emissions (CH4),Maize (corn),1998,79.3153,E
Burning - Crop Residues,United States of America,Biomass burned (dry matter),Maize (corn),1999,28525380.0,E
Burning - Crop Residues,United States of America,Emissions (N2O),Maize (corn),1999,1.9968,E
Burning - Crop Residues,United States of America,Emissions (CH4),Maize (corn),1999,77.0185,E
Burning - Crop Residues,United States of America,Biomass burned (dry matter),Maize (corn),2000,29315740.0,E
Burning - Crop Residues,United States of America,Emissions (N2O),Maize (corn),2000,2.0521,E
Burning - Crop Residues,United States of America,Emissions (CH4),Maize (corn),2000,79.1525,E
Burning - Crop Residues,United States of America,Biomass burned (dry matter),Maize (corn),2001,27829720.0,E
Burning - Crop Residues,United States of America,Emissions (N2O),Maize (corn),2001,1.9481,E
Burning - Crop Residues,United States of America,Emissions (CH4),Maize (corn),2001,75.1402,E
Burning - Crop Residues,United States of America,Biomass burned (dry matter),Maize (corn),2002,28057160.0,E
Burning - Crop Residues,United States of America,Emissions (N2O),Maize (corn),2002,1.964,E
Burning - Crop Residues,United States of America,Emissions (CH4),Maize (corn),2002,75.7543,E
Burning - Crop Residues,United States of America,Biomass burned (dry matter),Maize (corn),2003,28710330.0,E
Burning - Crop Residues,United States of America,Emissions (N2O),Maize (corn),2003,2.0097,E
Burning - Crop Residues,United States of America,Emissions (CH4),Maize (corn),2003,77.5179,E
Burning - Crop Residues,United States of America,Biomass burned (dry matter),Maize (corn),2004,29797730.0,E
Burning - Crop Residues,United States of America,Emissions (N2O),Maize (corn),2004,2.0858,E
Burning - Crop Residues,United States of America,Emissions (CH4),Maize (corn),2004,80.4539,E
Burning - Crop Residues,United States of America,Biomass burned (dry matter),Maize (corn),2005,30399100.0,E
Burning - Crop Residues,United States of America,Emissions (N2O),Maize (corn),2005,2.1279,E
Burning - Crop Residues,United States of America,Emissions (CH4),Maize (corn),2005,82.0776,E
Burning - Crop Residues,United States of America,Biomass burned (dry matter),Maize (corn),2006,28586490.0,E
Burning - Crop Residues,United States of America,Emissions (N2O),Maize (corn),2006,2.0011,E
Burning - Crop Residues,United States of America,Emissions (CH4),Maize (corn),2006,77.1835,E
Burning - Crop Residues,United States of America,Biomass burned (dry matter),Maize (corn),2007,35013780.0,E
Burning - Crop Residues,United States of America,Emissions (N2O),Maize (corn),2007,2.451,E
Burning - Crop Residues,United States of America,Emissions (CH4),Maize (corn),2007,94.5372,E
Burning - Crop Residues,United States of America,Biomass burned (dry matter),Maize (corn),2008,31796490.0,E
Burning - Crop Residues,United States of America,Emissions (N2O),Maize (corn),2008,2.2258,E
Burning - Crop Residues,United States of America,Emissions (CH4),Maize (corn),2008,85.8505,E
Burning - Crop Residues,United States of America,Biomass burned (dry matter),Maize (corn),2009,32168810.0,E
Burning - Crop Residues,United States of America,Emissions (N2O),Maize (corn),2009,2.2518,E
Burning - Crop Residues,United States of America,Emissions (CH4),Maize (corn),2009,86.8558,E
Burning - Crop Residues,United States of America,Biomass burned (dry matter),Maize (corn),2010,32960380.0,E
Burning - Crop Residues,United States of America,Emissions (N2O),Maize (corn),2010,2.3072,E
Burning - Crop Residues,United States of America,Emissions (CH4),Maize (corn),2010,88.993,E
Burning - Crop Residues,United States of America,Biomass burned (dry matter),Maize (corn),2011,33944990.0,E
Burning - Crop Residues,United States of America,Emissions (N2O),Maize (corn),2011,2.3761,E
Burning - Crop Residues,United States of America,Emissions (CH4),Maize (corn),2011,91.6515,E
Burning - Crop Residues,United States of America,Biomass burned (dry matter),Maize (corn),2012,35355740.0,E
Burning - Crop Residues,United States of America,Emissions (N2O),Maize (corn),2012,2.4749,E
Burning - Crop Residues,United States of America,Emissions (CH4),Maize (corn),2012,95.4605,E
Burning - Crop Residues,United States of America,Biomass burned (dry matter),Maize (corn),2013,35390550.0,E
Burning - Crop Residues,United States of America,Emissions (N2O),Maize (corn),2013,2.4773,E
Burning - Crop Residues,United States of America,Emissions (CH4),Maize (corn),2013,95.5545,E
Burning - Crop Residues,United States of America,Biomass burned (dry matter),Maize (corn),2014,33644310.0,E
Burning - Crop Residues,United States of America,Emissions (N2O),Maize (corn),2014,2.3551,E
Burning - Crop Residues,United States of America,Emissions (CH4),Maize (corn),2014,90.8396,E
Burning - Crop Residues,United States of America,Biomass burned (dry matter),Maize (corn),2015,32678310.0,E
Burning - Crop Residues,United States of America,Emissions (N2O),Maize (corn),2015,2.2875,E
Burning - Crop Residues,United States of America,Emissions (CH4),Maize (corn),2015,88.2314,E
Burning - Crop Residues,United States of America,Biomass burned (dry matter),Maize (corn),2016,35106050.0,E
Burning - Crop Residues,United States of America,Emissions (N2O),Maize (corn),2016,2.4574,E
Burning - Crop Residues,United States of America,Emissions (CH4),Maize (corn),2016,94.7863,E
Burning - Crop Residues,United States of America,Biomass burned (dry matter),Maize (corn),2017,33481220.0,E
Burning - Crop Residues,United States of America,Emissions (N2O),Maize (corn),2017,2.3437,E
Burning - Crop Residues,United States of America,Emissions (CH4),Maize (corn),2017,90.3993,E
Burning - Crop Residues,United States of America,Biomass burned (dry matter),Maize (corn),2018,32891580.0,E
Burning - Crop Residues,United States of America,Emissions (N2O),Maize (corn),2018,2.3024,E
Burning - Crop Residues,United States of America,Emissions (CH4),Maize (corn),2018,88.8073,E
Burning - Crop Residues,United States of America,Biomass burned (dry matter),Maize (corn),2019,32916270.0,E
Burning - Crop Residues,United States of America,Emissions (N2O),Maize (corn),2019,2.3041,E
Burning - Crop Residues,United States of America,Emissions (CH4),Maize (corn),2019,88.8739,E
Burning - Crop Residues,United States of America,Biomass burned (dry matter),Maize (corn),2020,33373570.0,E
Burning - Crop Residues,United States of America,Emissions (N2O),Maize (corn),2020,2.3361,E
Burning - Crop Residues,United States of America,Emissions (CH4),Maize (corn),2020,90.1086,E
Burning - Crop Residues,United States of America,Biomass burned (dry matter),Rice,1961,353650.0,E
Burning - Crop Residues,United States of America,Emissions (N2O),Rice,1961,0.0248,E
Burning - Crop Residues,United States of America,Emissions (CH4),Rice,1961,0.9549,E
Burning - Crop Residues,United States of America,Biomass burned (dry matter),Rice,1962,394350.0,E
Burning - Crop Residues,United States of America,Emissions (N2O),Rice,1962,0.0276,E
Burning - Crop Residues,United States of America,Emissions (CH4),Rice,1962,1.0647,E
Burning - Crop Residues,United States of America,Biomass burned (dry matter),Rice,1963,394350.0,E
Burning - Crop Residues,United States of America,Emissions (N2O),Rice,1963,0.0276,E
Burning - Crop Residues,United States of America,Emissions (CH4),Rice,1963,1.0647,E
Burning - Crop Residues,United States of America,Biomass burned (dry matter),Rice,1964,397650.0,E
Burning - Crop Residues,United States of America,Emissions (N2O),Rice,1964,0.0278,E
Burning - Crop Residues,United States of America,Emissions (CH4),Rice,1964,1.0737,E
Burning - Crop Residues,United States of America,Biomass burned (dry matter),Rice,1965,399008.5,E
Burning - Crop Residues,United States of America,Emissions (N2O),Rice,1965,0.0279,E
Burning - Crop Residues,United States of America,Emissions (CH4),Rice,1965,1.0773,E
Burning - Crop Residues,United States of America,Biomass burned (dry matter),Rice,1966,437847.3,E
Burning - Crop Residues,United States of America,Emissions (N2O),Rice,1966,0.0306,E
Burning - Crop Residues,United States of America,Emissions (CH4),Rice,1966,1.1822,E
Burning - Crop Residues,United States of America,Biomass burned (dry matter),Rice,1967,438493.0,E
Burning - Crop Residues,United States of America,Emissions (N2O),Rice,1967,0.0307,E
Burning - Crop Residues,United States of America,Emissions (CH4),Rice,1967,1.1839,E
Burning - Crop Residues,United States of America,Biomass burned (dry matter),Rice,1968,523805.7,E
Burning - Crop Residues,United States of America,Emissions (N2O),Rice,1968,0.0367,E
Burning - Crop Residues,United States of America,Emissions (CH4),Rice,1968,1.4143,E
Burning - Crop Residues,United States of America,Biomass burned (dry matter),Rice,1969,473726.55,E
Burning - Crop Residues,United States of America,Emissions (N2O),Rice,1969,0.0332,E
Burning - Crop Residues,United States of America,Emissions (CH4),Rice,1969,1.2791,E
Burning - Crop Residues,United States of America,Biomass burned (dry matter),Rice,1970,403905.15,E
Burning - Crop Residues,United States of America,Emissions (N2O),Rice,1970,0.0283,E
Burning - Crop Residues,United States of America,Emissions (CH4),Rice,1970,1.0905,E
Burning - Crop Residues,United States of America,Biomass burned (dry matter),Rice,1971,404617.4,E
Burning - Crop Residues,United States of America,Emissions (N2O),Rice,1971,0.0283,E
Burning - Crop Residues,United States of America,Emissions (CH4),Rice,1971,1.0925,E
Burning - Crop Residues,United States of America,Biomass burned (dry matter),Rice,1972,404617.4,E
Burning - Crop Residues,United States of America,Emissions (N2O),Rice,1972,0.0283,E
Burning - Crop Residues,United States of America,Emissions (CH4),Rice,1972,1.0925,E
Burning - Crop Residues,United States of America,Biomass burned (dry matter),Rice,1973,483030.35,E
Burning - Crop Residues,United States of America,Emissions (N2O),Rice,1973,0.0338,E
Burning - Crop Residues,United States of America,Emissions (CH4),Rice,1973,1.3042,E
Burning - Crop Residues,United States of America,Biomass burned (dry matter),Rice,1974,563334.75,E
Burning - Crop Residues,United States of America,Emissions (N2O),Rice,1974,0.0394,E
Burning - Crop Residues,United States of America,Emissions (CH4),Rice,1974,1.521,E
Burning - Crop Residues,United States of America,Biomass burned (dry matter),Rice,1975,627213.4,E
Burning - Crop Residues,United States of America,Emissions (N2O),Rice,1975,0.0439,E
Burning - Crop Residues,United States of America,Emissions (CH4),Rice,1975,1.6935,E
Burning - Crop Residues,United States of America,Biomass burned (dry matter),Rice,1976,551983.3,E
Burning - Crop Residues,United States of America,Emissions (N2O),Rice,1976,0.0386,E
Burning - Crop Residues,United States of America,Emissions (CH4),Rice,1976,1.4904,E
Burning - Crop Residues,United States of America,Biomass burned (dry matter),Rice,1977,500582.5,E
Burning - Crop Residues,United States of America,Emissions (N2O),Rice,1977,0.035,E
Burning - Crop Residues,United States of America,Emissions (CH4),Rice,1977,1.3516,E
Burning - Crop Residues,United States of America,Biomass burned (dry matter),Rice,1978,661061.5,E
Burning - Crop Residues,United States of America,Emissions (N2O),Rice,1978,0.0463,E
Burning - Crop Residues,United States of America,Emissions (CH4),Rice,1978,1.7849,E
Burning - Crop Residues,United States of America,Biomass burned (dry matter),Rice,1979,638583.0,E
Burning - Crop Residues,United States of America,Emissions (N2O),Rice,1979,0.0447,E
Burning - Crop Residues,United States of America,Emissions (CH4),Rice,1979,1.7242,E
Burning - Crop Residues,United States of America,Biomass burned (dry matter),Rice,1980,737165.0,E
Burning - Crop Residues,United States of America,Emissions (N2O),Rice,1980,0.0516,E
Burning - Crop Residues,United States of America,Emissions (CH4),Rice,1980,1.9903,E
Burning - Crop Residues,United States of America,Biomass burned (dry matter),Rice,1981,844019.0,E
Burning - Crop Residues,United States of America,Emissions (N2O),Rice,1981,0.0591,E
Burning - Crop Residues,United States of America,Emissions (CH4),Rice,1981,2.2789,E
Burning - Crop Residues,United States of America,Biomass burned (dry matter),Rice,1982,726055.0,E
Burning - Crop Residues,United States of America,Emissions (N2O),Rice,1982,0.0508,E
Burning - Crop Residues,United States of America,Emissions (CH4),Rice,1982,1.9603,E
Burning - Crop Residues,United States of America,Biomass burned (dry matter),Rice,1983,482762.5,E
Burning - Crop Residues,United States of America,Emissions (N2O),Rice,1983,0.0338,E
Burning - Crop Residues,United States of America,Emissions (CH4),Rice,1983,1.3035,E
Burning - Crop Residues,United States of America,Biomass burned (dry matter),Rice,1984,623700.0,E
Burning - Crop Residues,United States of America,Emissions (N2O),Rice,1984,0.0437,E
Burning - Crop Residues,United States of America,Emissions (CH4),Rice,1984,1.684,E
Burning - Crop Residues,United States of America,Biomass burned (dry matter),Rice,1985,554675.0,E
Burning - Crop Residues,United States of America,Emissions (N2O),Rice,1985,0.0388,E
Burning - Crop Residues,United States of America,Emissions (CH4),Rice,1985,1.4976,E
Burning - Crop Residues,United States of America,Biomass burned (dry matter),Rice,1986,525250.0,E
Burning - Crop Residues,United States of America,Emissions (N2O),Rice,1986,0.0368,E
Burning - Crop Residues,United States of America,Emissions (CH4),Rice,1986,1.4182,E
Burning - Crop Residues,United States of America,Biomass burned (dry matter),Rice,1987,519255.0,E
Burning - Crop Residues,United States of America,Emissions (N2O),Rice,1987,0.0363,E
Burning - Crop Residues,United States of America,Emissions (CH4),Rice,1987,1.402,E
Burning - Crop Residues,United States of America,Biomass burned (dry matter),Rice,1988,645480.0,E
Burning - Crop Residues,United States of America,Emissions (N2O),Rice,1988,0.0452,E
Burning - Crop Residues,United States of America,Emissions (CH4),Rice,1988,1.7428,E
Burning - Crop Residues,United States of America,Biomass burned (dry matter),Rice,1989,597850.0,E
Burning - Crop Residues,United States of America,Emissions (N2O),Rice,1989,0.0418,E
Burning - Crop Residues,United States of America,Emissions (CH4),Rice,1989,1.6142,E
Burning - Crop Residues,United States of America,Biomass burned (dry matter),Rice,1990,628320.0,E
Burning - Crop Residues,United States of America,Emissions (N2O),Rice,1990,0.044,E
Burning - Crop Residues,United States of America,Emissions (CH4),Rice,1990,1.6965,E
Burning - Crop Residues,United States of America,Biomass burned (dry matter),Rice,1991,618992.0,E
Burning - Crop Residues,United States of America,Emissions (N2O),Rice,1991,0.0433,E
Burning - Crop Residues,United States of America,Emissions (CH4),Rice,1991,1.6713,E
Burning - Crop Residues,United States of America,Biomass burned (dry matter),Rice,1992,697119.5,E
Burning - Crop Residues,United States of America,Emissions (N2O),Rice,1992,0.0488,E
Burning - Crop Residues,United States of America,Emissions (CH4),Rice,1992,1.8822,E
Burning - Crop Residues,United States of America,Biomass burned (dry matter),Rice,1993,630569.5,E
Burning - Crop Residues,United States of America,Emissions (N2O),Rice,1993,0.0441,E
Burning - Crop Residues,United States of America,Emissions (CH4),Rice,1993,1.7025,E
Burning - Crop Residues,United States of America,Biomass burned (dry matter),Rice,1994,738072.5,E
Burning - Crop Residues,United States of America,Emissions (N2O),Rice,1994,0.0517,E
Burning - Crop Residues,United States of America,Emissions (CH4),Rice,1994,1.9928,E
Burning - Crop Residues,United States of America,Biomass burned (dry matter),Rice,1995,688440.5,E
Burning - Crop Residues,United States of America,Emissions (N2O),Rice,1995,0.0482,E
Burning - Crop Residues,United States of America,Emissions (CH4),Rice,1995,1.8588,E
Burning - Crop Residues,United States of America,Biomass burned (dry matter),Rice,1996,624112.5,E
Burning - Crop Residues,United States of America,Emissions (N2O),Rice,1996,0.0437,E
Burning - Crop Residues,United States of America,Emissions (CH4),Rice,1996,1.6851,E
Burning - Crop Residues,United States of America,Biomass burned (dry matter),Rice,1997,690662.5,E
Burning - Crop Residues,United States of America,Emissions (N2O),Rice,1997,0.0483,E
Burning - Crop Residues,United States of America,Emissions (CH4),Rice,1997,1.8648,E
Burning - Crop Residues,United States of America,Biomass burned (dry matter),Rice,1998,724944.0,E
Burning - Crop Residues,United States of America,Emissions (N2O),Rice,1998,0.0507,E
Burning - Crop Residues,United States of America,Emissions (CH4),Rice,1998,1.9573,E
Burning - Crop Residues,United States of America,Biomass burned (dry matter),Rice,1999,781698.5,E
Burning - Crop Residues,United States of America,Emissions (N2O),Rice,1999,0.0547,E
Burning - Crop Residues,United States of America,Emissions (CH4),Rice,1999,2.1106,E
Burning - Crop Residues,United States of America,Biomass burned (dry matter),Rice,2000,676417.5,E
Burning - Crop Residues,United States of America,Emissions (N2O),Rice,2000,0.0473,E
Burning - Crop Residues,United States of America,Emissions (CH4),Rice,2000,1.8263,E
Burning - Crop Residues,United States of America,Biomass burned (dry matter),Rice,2001,737627.0,E
Burning - Crop Residues,United States of America,Emissions (N2O),Rice,2001,0.0516,E
Burning - Crop Residues,United States of America,Emissions (CH4),Rice,2001,1.9916,E
Burning - Crop Residues,United States of America,Biomass burned (dry matter),Rice,2002,713812.0,E
Burning - Crop Residues,United States of America,Emissions (N2O),Rice,2002,0.05,E
Burning - Crop Residues,United States of America,Emissions (CH4),Rice,2002,1.9273,E
Burning - Crop Residues,United States of America,Biomass burned (dry matter),Rice,2003,667073.0,E
Burning - Crop Residues,United States of America,Emissions (N2O),Rice,2003,0.0467,E
Burning - Crop Residues,United States of America,Emissions (CH4),Rice,2003,1.8011,E
Burning - Crop Residues,United States of America,Biomass burned (dry matter),Rice,2004,740074.5,E
Burning - Crop Residues,United States of America,Emissions (N2O),Rice,2004,0.0518,E
Burning - Crop Residues,United States of America,Emissions (CH4),Rice,2004,1.9982,E
Burning - Crop Residues,United States of America,Biomass burned (dry matter),Rice,2005,748759.0,E
Burning - Crop Residues,United States of America,Emissions (N2O),Rice,2005,0.0524,E
Burning - Crop Residues,United States of America,Emissions (CH4),Rice,2005,2.0216,E
Burning - Crop Residues,United States of America,Biomass burned (dry matter),Rice,2006,627896.5,E
Burning - Crop Residues,United States of America,Emissions (N2O),Rice,2006,0.044,E
Burning - Crop Residues,United States of America,Emissions (CH4),Rice,2006,1.6953,E
Burning - Crop Residues,United States of America,Biomass burned (dry matter),Rice,2007,611649.5,E
Burning - Crop Residues,United States of America,Emissions (N2O),Rice,2007,0.0428,E
Burning - Crop Residues,United States of America,Emissions (CH4),Rice,2007,1.6515,E
Burning - Crop Residues,United States of America,Biomass burned (dry matter),Rice,2008,662398.0,E
Burning - Crop Residues,United States of America,Emissions (N2O),Rice,2008,0.0464,E
Burning - Crop Residues,United States of America,Emissions (CH4),Rice,2008,1.7885,E
Burning - Crop Residues,United States of America,Biomass burned (dry matter),Rice,2009,690662.5,E
Burning - Crop Residues,United States of America,Emissions (N2O),Rice,2009,0.0483,E
Burning - Crop Residues,United States of America,Emissions (CH4),Rice,2009,1.8648,E
Burning - Crop Residues,United States of America,Biomass burned (dry matter),Rice,2010,804622.5,E
Burning - Crop Residues,United States of America,Emissions (N2O),Rice,2010,0.0563,E
Burning - Crop Residues,United States of America,Emissions (CH4),Rice,2010,2.1725,E
Burning - Crop Residues,United States of America,Biomass burned (dry matter),Rice,2011,582488.5,E
Burning - Crop Residues,United States of America,Emissions (N2O),Rice,2011,0.0408,E
Burning - Crop Residues,United States of America,Emissions (CH4),Rice,2011,1.5727,E
Burning - Crop Residues,United States of America,Biomass burned (dry matter),Rice,2012,596288.0,E
Burning - Crop Residues,United States of America,Emissions (N2O),Rice,2012,0.0417,E
Burning - Crop Residues,United States of America,Emissions (CH4),Rice,2012,1.61,E
Burning - Crop Residues,United States of America,Biomass burned (dry matter),Rice,2013,549549.0,E
Burning - Crop Residues,United States of America,Emissions (N2O),Rice,2013,0.0385,E
Burning - Crop Residues,United States of America,Emissions (CH4),Rice,2013,1.4838,E
Burning - Crop Residues,United States of America,Biomass burned (dry matter),Rice,2014,652828.0,E
Burning - Crop Residues,United States of America,Emissions (N2O),Rice,2014,0.0457,E
Burning - Crop Residues,United States of America,Emissions (CH4),Rice,2014,1.7626,E
Burning - Crop Residues,United States of America,Biomass burned (dry matter),Rice,2015,573144.0,E
Burning - Crop Residues,United States of America,Emissions (N2O),Rice,2015,0.0401,E
Burning - Crop Residues,United States of America,Emissions (CH4),Rice,2015,1.5475,E
Burning - Crop Residues,United States of America,Biomass burned (dry matter),Rice,2016,689326.0,E
Burning - Crop Residues,United States of America,Emissions (N2O),Rice,2016,0.0483,E
Burning - Crop Residues,United States of America,Emissions (CH4),Rice,2016,1.8612,E
Burning - Crop Residues,United States of America,Biomass burned (dry matter),Rice,2017,528401.5,E
Burning - Crop Residues,United States of America,Emissions (N2O),Rice,2017,0.037,E
Burning - Crop Residues,United States of America,Emissions (CH4),Rice,2017,1.4267,E
Burning - Crop Residues,United States of America,Biomass burned (dry matter),Rice,2018,647707.5,E
Burning - Crop Residues,United States of America,Emissions (N2O),Rice,2018,0.0453,E
Burning - Crop Residues,United States of America,Emissions (CH4),Rice,2018,1.7488,E
Burning - Crop Residues,United States of America,Biomass burned (dry matter),Rice,2019,551331.0,E
Burning - Crop Residues,United States of America,Emissions (N2O),Rice,2019,0.0386,E
Burning - Crop Residues,United States of America,Emissions (CH4),Rice,2019,1.4886,E
Burning - Crop Residues,United States of America,Biomass burned (dry matter),Rice,2020,664845.5,E
Burning - Crop Residues,United States of America,Emissions (N2O),Rice,2020,0.0465,E
Burning - Crop Residues,United States of America,Emissions (CH4),Rice,2020,1.7951,E
Burning - Crop Residues,United States of America,Biomass burned (dry matter),Sugar cane,1961,116350.0,E
Burning - Crop Residues,United States of America,Emissions (N2O),Sugar cane,1961,0.0081,E
Burning - Crop Residues,United States of America,Emissions (CH4),Sugar cane,1961,0.3141,E
Burning - Crop Residues,United States of America,Biomass burned (dry matter),Sugar cane,1962,125450.0,E
Burning - Crop Residues,United States of America,Emissions (N2O),Sugar cane,1962,0.0088,E
Burning - Crop Residues,United States of America,Emissions (CH4),Sugar cane,1962,0.3387,E
Burning - Crop Residues,United States of America,Biomass burned (dry matter),Sugar cane,1963,151669.7,E
Burning - Crop Residues,United States of America,Emissions (N2O),Sugar cane,1963,0.0106,E
Burning - Crop Residues,United States of America,Emissions (CH4),Sugar cane,1963,0.4095,E
Burning - Crop Residues,United States of America,Biomass burned (dry matter),Sugar cane,1964,179815.35,E
Burning - Crop Residues,United States of America,Emissions (N2O),Sugar cane,1964,0.0126,E
Burning - Crop Residues,United States of America,Emissions (CH4),Sugar cane,1964,0.4855,E
Burning - Crop Residues,United States of America,Biomass burned (dry matter),Sugar cane,1965,162297.2,E
Burning - Crop Residues,United States of America,Emissions (N2O),Sugar cane,1965,0.0114,E
Burning - Crop Residues,United States of America,Emissions (CH4),Sugar cane,1965,0.4382,E
Burning - Crop Residues,United States of America,Biomass burned (dry matter),Sugar cane,1966,164453.9,E
Burning - Crop Residues,United States of America,Emissions (N2O),Sugar cane,1966,0.0115,E
Burning - Crop Residues,United States of America,Emissions (CH4),Sugar cane,1966,0.444,E
Burning - Crop Residues,United States of America,Biomass burned (dry matter),Sugar cane,1967,165085.05,E
Burning - Crop Residues,United States of America,Emissions (N2O),Sugar cane,1967,0.0116,E
Burning - Crop Residues,United States of America,Emissions (CH4),Sugar cane,1967,0.4457,E
Burning - Crop Residues,United States of America,Biomass burned (dry matter),Sugar cane,1968,159350.75,E
Burning - Crop Residues,United States of America,Emissions (N2O),Sugar cane,1968,0.0112,E
Burning - Crop Residues,United States of America,Emissions (CH4),Sugar cane,1968,0.4302,E
Burning - Crop Residues,United States of America,Biomass burned (dry matter),Sugar cane,1969,140885.55,E
Burning - Crop Residues,United States of America,Emissions (N2O),Sugar cane,1969,0.0099,E
Burning - Crop Residues,United States of America,Emissions (CH4),Sugar cane,1969,0.3804,E
Burning - Crop Residues,United States of America,Biomass burned (dry matter),Sugar cane,1970,153590.45,E
Burning - Crop Residues,United States of America,Emissions (N2O),Sugar cane,1970,0.0108,E
Burning - Crop Residues,United States of America,Emissions (CH4),Sugar cane,1970,0.4147,E
Burning - Crop Residues,United States of America,Biomass burned (dry matter),Sugar cane,1971,170477.45,E
Burning - Crop Residues,United States of America,Emissions (N2O),Sugar cane,1971,0.0119,E
Burning - Crop Residues,United States of America,Emissions (CH4),Sugar cane,1971,0.4603,E
Burning - Crop Residues,United States of America,Biomass burned (dry matter),Sugar cane,1972,184602.6,E
Burning - Crop Residues,United States of America,Emissions (N2O),Sugar cane,1972,0.0129,E
Burning - Crop Residues,United States of America,Emissions (CH4),Sugar cane,1972,0.4984,E
Burning - Crop Residues,United States of America,Biomass burned (dry matter),Sugar cane,1973,194913.55,E
Burning - Crop Residues,United States of America,Emissions (N2O),Sugar cane,1973,0.0136,E
Burning - Crop Residues,United States of America,Emissions (CH4),Sugar cane,1973,0.5263,E
Burning - Crop Residues,United States of America,Biomass burned (dry matter),Sugar cane,1974,193099.4,E
Burning - Crop Residues,United States of America,Emissions (N2O),Sugar cane,1974,0.0135,E
Burning - Crop Residues,United States of America,Emissions (CH4),Sugar cane,1974,0.5214,E
Burning - Crop Residues,United States of America,Biomass burned (dry matter),Sugar cane,1975,203594.3,E
Burning - Crop Residues,United States of America,Emissions (N2O),Sugar cane,1975,0.0143,E
Burning - Crop Residues,United States of America,Emissions (CH4),Sugar cane,1975,0.5497,E
Burning - Crop Residues,United States of America,Biomass burned (dry matter),Sugar cane,1976,196492.4,E
Burning - Crop Residues,United States of America,Emissions (N2O),Sugar cane,1976,0.0138,E
Burning - Crop Residues,United States of America,Emissions (CH4),Sugar cane,1976,0.5305,E
Burning - Crop Residues,United States of America,Biomass burned (dry matter),Sugar cane,1977,199758.0,E
Burning - Crop Residues,United States of America,Emissions (N2O),Sugar cane,1977,0.014,E
Burning - Crop Residues,United States of America,Emissions (CH4),Sugar cane,1977,0.5393,E
Burning - Crop Residues,United States of America,Biomass burned (dry matter),Sugar cane,1978,195630.5,E
Burning - Crop Residues,United States of America,Emissions (N2O),Sugar cane,1978,0.0137,E
Burning - Crop Residues,United States of America,Emissions (CH4),Sugar cane,1978,0.5282,E
Burning - Crop Residues,United States of America,Biomass burned (dry matter),Sugar cane,1979,192738.0,E
Burning - Crop Residues,United States of America,Emissions (N2O),Sugar cane,1979,0.0135,E
Burning - Crop Residues,United States of America,Emissions (CH4),Sugar cane,1979,0.5204,E
Burning - Crop Residues,United States of America,Biomass burned (dry matter),Sugar cane,1980,192725.0,E
Burning - Crop Residues,United States of America,Emissions (N2O),Sugar cane,1980,0.0135,E
Burning - Crop Residues,United States of America,Emissions (CH4),Sugar cane,1980,0.5204,E
Burning - Crop Residues,United States of America,Biomass burned (dry matter),Sugar cane,1981,198705.0,E
Burning - Crop Residues,United States of America,Emissions (N2O),Sugar cane,1981,0.0139,E
Burning - Crop Residues,United States of America,Emissions (CH4),Sugar cane,1981,0.5365,E
Burning - Crop Residues,United States of America,Biomass burned (dry matter),Sugar cane,1982,195097.5,E
Burning - Crop Residues,United States of America,Emissions (N2O),Sugar cane,1982,0.0137,E
Burning - Crop Residues,United States of America,Emissions (CH4),Sugar cane,1982,0.5268,E
Burning - Crop Residues,United States of America,Biomass burned (dry matter),Sugar cane,1983,201935.5,E
Burning - Crop Residues,United States of America,Emissions (N2O),Sugar cane,1983,0.0141,E
Burning - Crop Residues,United States of America,Emissions (CH4),Sugar cane,1983,0.5452,E
Burning - Crop Residues,United States of America,Biomass burned (dry matter),Sugar cane,1984,196573.0,E
Burning - Crop Residues,United States of America,Emissions (N2O),Sugar cane,1984,0.0138,E
Burning - Crop Residues,United States of America,Emissions (CH4),Sugar cane,1984,0.5307,E
Burning - Crop Residues,United States of America,Biomass burned (dry matter),Sugar cane,1985,202540.0,E
Burning - Crop Residues,United States of America,Emissions (N2O),Sugar cane,1985,0.0142,E
Burning - Crop Residues,United States of America,Emissions (CH4),Sugar cane,1985,0.5469,E
Burning - Crop Residues,United States of America,Biomass burned (dry matter),Sugar cane,1986,209430.0,E
Burning - Crop Residues,United States of America,Emissions (N2O),Sugar cane,1986,0.0147,E
Burning - Crop Residues,United States of America,Emissions (CH4),Sugar cane,1986,0.5655,E
Burning - Crop Residues,United States of America,Biomass burned (dry matter),Sugar cane,1987,216645.0,E
Burning - Crop Residues,United States of America,Emissions (N2O),Sugar cane,1987,0.0152,E
Burning - Crop Residues,United States of America,Emissions (CH4),Sugar cane,1987,0.5849,E
Burning - Crop Residues,United States of America,Biomass burned (dry matter),Sugar cane,1988,222365.0,E
Burning - Crop Residues,United States of America,Emissions (N2O),Sugar cane,1988,0.0156,E
Burning - Crop Residues,United States of America,Emissions (CH4),Sugar cane,1988,0.6004,E
Burning - Crop Residues,United States of America,Biomass burned (dry matter),Sugar cane,1989,224120.0,E
Burning - Crop Residues,United States of America,Emissions (N2O),Sugar cane,1989,0.0157,E
Burning - Crop Residues,United States of America,Emissions (CH4),Sugar cane,1989,0.6051,E
Burning - Crop Residues,United States of America,Biomass burned (dry matter),Sugar cane,1990,208910.0,E
Burning - Crop Residues,United States of America,Emissions (N2O),Sugar cane,1990,0.0146,E
Burning - Crop Residues,United States of America,Emissions (CH4),Sugar cane,1990,0.5641,E
Burning - Crop Residues,United States of America,Biomass burned (dry matter),Sugar cane,1991,235950.0,E
Burning - Crop Residues,United States of America,Emissions (N2O),Sugar cane,1991,0.0165,E
Burning - Crop Residues,United States of America,Emissions (CH4),Sugar cane,1991,0.6371,E
Burning - Crop Residues,United States of America,Biomass burned (dry matter),Sugar cane,1992,243360.0,E
Burning - Crop Residues,United States of America,Emissions (N2O),Sugar cane,1992,0.017,E
Burning - Crop Residues,United States of America,Emissions (CH4),Sugar cane,1992,0.6571,E
Burning - Crop Residues,United States of America,Biomass burned (dry matter),Sugar cane,1993,249470.0,E
Burning - Crop Residues,United States of America,Emissions (N2O),Sugar cane,1993,0.0175,E
Burning - Crop Residues,United States of America,Emissions (CH4),Sugar cane,1993,0.6736,E
Burning - Crop Residues,United States of America,Biomass burned (dry matter),Sugar cane,1994,246415.0,E
Burning - Crop Residues,United States of America,Emissions (N2O),Sugar cane,1994,0.0172,E
Burning - Crop Residues,United States of America,Emissions (CH4),Sugar cane,1994,0.6653,E
Burning - Crop Residues,United States of America,Biomass burned (dry matter),Sugar cane,1995,245245.0,E
Burning - Crop Residues,United States of America,Emissions (N2O),Sugar cane,1995,0.0172,E
Burning - Crop Residues,United States of America,Emissions (CH4),Sugar cane,1995,0.6622,E
Burning - Crop Residues,United States of America,Biomass burned (dry matter),Sugar cane,1996,233824.5,E
Burning - Crop Residues,United States of America,Emissions (N2O),Sugar cane,1996,0.0164,E
Burning - Crop Residues,United States of America,Emissions (CH4),Sugar cane,1996,0.6313,E
Burning - Crop Residues,United States of America,Biomass burned (dry matter),Sugar cane,1997,239980.0,E
Burning - Crop Residues,United States of America,Emissions (N2O),Sugar cane,1997,0.0168,E
Burning - Crop Residues,United States of America,Emissions (CH4),Sugar cane,1997,0.6479,E
Burning - Crop Residues,United States of America,Biomass burned (dry matter),Sugar cane,1998,249125.5,E
Burning - Crop Residues,United States of America,Emissions (N2O),Sugar cane,1998,0.0174,E
Burning - Crop Residues,United States of America,Emissions (CH4),Sugar cane,1998,0.6726,E
Burning - Crop Residues,United States of America,Biomass burned (dry matter),Sugar cane,1999,261287.0,E
Burning - Crop Residues,United States of America,Emissions (N2O),Sugar cane,1999,0.0183,E
Burning - Crop Residues,United States of America,Emissions (CH4),Sugar cane,1999,0.7055,E
Burning - Crop Residues,United States of America,Biomass burned (dry matter),Sugar cane,2000,271544.0,E
Burning - Crop Residues,United States of America,Emissions (N2O),Sugar cane,2000,0.019,E
Burning - Crop Residues,United States of America,Emissions (CH4),Sugar cane,2000,0.7332,E
Burning - Crop Residues,United States of America,Biomass burned (dry matter),Sugar cane,2001,270361.0,E
Burning - Crop Residues,United States of America,Emissions (N2O),Sugar cane,2001,0.0189,E
Burning - Crop Residues,United States of America,Emissions (CH4),Sugar cane,2001,0.73,E
Burning - Crop Residues,United States of America,Biomass burned (dry matter),Sugar cane,2002,269152.0,E
Burning - Crop Residues,United States of America,Emissions (N2O),Sugar cane,2002,0.0188,E
Burning - Crop Residues,United States of America,Emissions (CH4),Sugar cane,2002,0.7267,E
Burning - Crop Residues,United States of America,Biomass burned (dry matter),Sugar cane,2003,261023.1,E
Burning - Crop Residues,United States of America,Emissions (N2O),Sugar cane,2003,0.0183,E
Burning - Crop Residues,United States of America,Emissions (CH4),Sugar cane,2003,0.7048,E
Burning - Crop Residues,United States of America,Biomass burned (dry matter),Sugar cane,2004,246792.0,E
Burning - Crop Residues,United States of America,Emissions (N2O),Sugar cane,2004,0.0173,E
Burning - Crop Residues,United States of America,Emissions (CH4),Sugar cane,2004,0.6663,E
Burning - Crop Residues,United States of America,Biomass burned (dry matter),Sugar cane,2005,242504.6,E
Burning - Crop Residues,United States of America,Emissions (N2O),Sugar cane,2005,0.017,E
Burning - Crop Residues,United States of America,Emissions (CH4),Sugar cane,2005,0.6548,E
Burning - Crop Residues,United States of America,Biomass burned (dry matter),Sugar cane,2006,236138.5,E
Burning - Crop Residues,United States of America,Emissions (N2O),Sugar cane,2006,0.0165,E
Burning - Crop Residues,United States of America,Emissions (CH4),Sugar cane,2006,0.6376,E
Burning - Crop Residues,United States of America,Biomass burned (dry matter),Sugar cane,2007,231377.25,E
Burning - Crop Residues,United States of America,Emissions (N2O),Sugar cane,2007,0.0162,E
Burning - Crop Residues,United States of America,Emissions (CH4),Sugar cane,2007,0.6247,E
Burning - Crop Residues,United States of America,Biomass burned (dry matter),Sugar cane,2008,228326.15,E
Burning - Crop Residues,United States of America,Emissions (N2O),Sugar cane,2008,0.016,E
Burning - Crop Residues,United States of America,Emissions (CH4),Sugar cane,2008,0.6165,E
Burning - Crop Residues,United States of America,Biomass burned (dry matter),Sugar cane,2009,229878.35,E
Burning - Crop Residues,United States of America,Emissions (N2O),Sugar cane,2009,0.0161,E
Burning - Crop Residues,United States of America,Emissions (CH4),Sugar cane,2009,0.6207,E
Burning - Crop Residues,United States of America,Biomass burned (dry matter),Sugar cane,2010,230822.8,E
Burning - Crop Residues,United States of America,Emissions (N2O),Sugar cane,2010,0.0162,E
Burning - Crop Residues,United States of America,Emissions (CH4),Sugar cane,2010,0.6232,E
Burning - Crop Residues,United States of America,Biomass burned (dry matter),Sugar cane,2011,229533.85,E
Burning - Crop Residues,United States of America,Emissions (N2O),Sugar cane,2011,0.0161,E
Burning - Crop Residues,United States of America,Emissions (CH4),Sugar cane,2011,0.6197,E
Burning - Crop Residues,United States of America,Biomass burned (dry matter),Sugar cane,2012,237373.5,E
Burning - Crop Residues,United States of America,Emissions (N2O),Sugar cane,2012,0.0166,E
Burning - Crop Residues,United States of America,Emissions (CH4),Sugar cane,2012,0.6409,E
Burning - Crop Residues,United States of America,Biomass burned (dry matter),Sugar cane,2013,239583.5,E
Burning - Crop Residues,United States of America,Emissions (N2O),Sugar cane,2013,0.0168,E
Burning - Crop Residues,United States of America,Emissions (CH4),Sugar cane,2013,0.6469,E
Burning - Crop Residues,United States of America,Biomass burned (dry matter),Sugar cane,2014,228455.5,E
Burning - Crop Residues,United States of America,Emissions (N2O),Sugar cane,2014,0.016,E
Burning - Crop Residues,United States of America,Emissions (CH4),Sugar cane,2014,0.6168,E
Burning - Crop Residues,United States of America,Biomass burned (dry matter),Sugar cane,2015,233402.0,E
Burning - Crop Residues,United States of America,Emissions (N2O),Sugar cane,2015,0.0163,E
Burning - Crop Residues,United States of America,Emissions (CH4),Sugar cane,2015,0.6302,E
Burning - Crop Residues,United States of America,Biomass burned (dry matter),Sugar cane,2016,237556.8,E
Burning - Crop Residues,United States of America,Emissions (N2O),Sugar cane,2016,0.0166,E
Burning - Crop Residues,United States of America,Emissions (CH4),Sugar cane,2016,0.6414,E
Burning - Crop Residues,United States of America,Biomass burned (dry matter),Sugar cane,2017,237822.0,E
Burning - Crop Residues,United States of America,Emissions (N2O),Sugar cane,2017,0.0166,E
Burning - Crop Residues,United States of America,Emissions (CH4),Sugar cane,2017,0.6421,E
Burning - Crop Residues,United States of America,Biomass burned (dry matter),Sugar cane,2018,236665.0,E
Burning - Crop Residues,United States of America,Emissions (N2O),Sugar cane,2018,0.0166,E
Burning - Crop Residues,United States of America,Emissions (CH4),Sugar cane,2018,0.639,E
Burning - Crop Residues,United States of America,Biomass burned (dry matter),Sugar cane,2019,240214.0,E
Burning - Crop Residues,United States of America,Emissions (N2O),Sugar cane,2019,0.0168,E
Burning - Crop Residues,United States of America,Emissions (CH4),Sugar cane,2019,0.6486,E
Burning - Crop Residues,United States of America,Biomass burned (dry matter),Sugar cane,2020,249262.0,E
Burning - Crop Residues,United States of America,Emissions (N2O),Sugar cane,2020,0.0174,E
Burning - Crop Residues,United States of America,Emissions (CH4),Sugar cane,2020,0.673,E
Burning - Crop Residues,United States of America,Biomass burned (dry matter),Wheat,1961,8348000.0,E
Burning - Crop Residues,United States of America,Emissions (N2O),Wheat,1961,0.5844,E
Burning - Crop Residues,United States of America,Emissions (CH4),Wheat,1961,22.5396,E
Burning - Crop Residues,United States of America,Biomass burned (dry matter),Wheat,1962,7072000.0,E
Burning - Crop Residues,United States of America,Emissions (N2O),Wheat,1962,0.495,E
Burning - Crop Residues,United States of America,Emissions (CH4),Wheat,1962,19.0944,E
Burning - Crop Residues,United States of America,Biomass burned (dry matter),Wheat,1963,7366003.2,E
Burning - Crop Residues,United States of America,Emissions (N2O),Wheat,1963,0.5156,E
Burning - Crop Residues,United States of America,Emissions (CH4),Wheat,1963,19.8882,E
Burning - Crop Residues,United States of America,Biomass burned (dry matter),Wheat,1964,8055200.0,E
Burning - Crop Residues,United States of America,Emissions (N2O),Wheat,1964,0.5639,E
Burning - Crop Residues,United States of America,Emissions (CH4),Wheat,1964,21.749,E
Burning - Crop Residues,United States of America,Biomass burned (dry matter),Wheat,1965,8022400.0,E
Burning - Crop Residues,United States of America,Emissions (N2O),Wheat,1965,0.5616,E
Burning - Crop Residues,United States of America,Emissions (CH4),Wheat,1965,21.6605,E
Burning - Crop Residues,United States of America,Biomass burned (dry matter),Wheat,1966,8030956.8,E
Burning - Crop Residues,United States of America,Emissions (N2O),Wheat,1966,0.5622,E
Burning - Crop Residues,United States of America,Emissions (CH4),Wheat,1966,21.6836,E
Burning - Crop Residues,United States of America,Biomass burned (dry matter),Wheat,1967,9445715.2,E
Burning - Crop Residues,United States of America,Emissions (N2O),Wheat,1967,0.6612,E
Burning - Crop Residues,United States of America,Emissions (CH4),Wheat,1967,25.5034,E
Burning - Crop Residues,United States of America,Biomass burned (dry matter),Wheat,1968,8864921.6,E
Burning - Crop Residues,United States of America,Emissions (N2O),Wheat,1968,0.6205,E
Burning - Crop Residues,United States of America,Emissions (CH4),Wheat,1968,23.9353,E
Burning - Crop Residues,United States of America,Biomass burned (dry matter),Wheat,1969,7631616.0,E
Burning - Crop Residues,United States of America,Emissions (N2O),Wheat,1969,0.5342,E
Burning - Crop Residues,United States of America,Emissions (CH4),Wheat,1969,20.6054,E
Burning - Crop Residues,United States of America,Biomass burned (dry matter),Wheat,1970,7051795.2,E
Burning - Crop Residues,United States of America,Emissions (N2O),Wheat,1970,0.4936,E
Burning - Crop Residues,United States of America,Emissions (CH4),Wheat,1970,19.0398,E
Burning - Crop Residues,United States of America,Biomass burned (dry matter),Wheat,1971,7718867.2,E
Burning - Crop Residues,United States of America,Emissions (N2O),Wheat,1971,0.5403,E
Burning - Crop Residues,United States of America,Emissions (CH4),Wheat,1971,20.8409,E
Burning - Crop Residues,United States of America,Biomass burned (dry matter),Wheat,1972,7657030.4,E
Burning - Crop Residues,United States of America,Emissions (N2O),Wheat,1972,0.536,E
Burning - Crop Residues,United States of America,Emissions (CH4),Wheat,1972,20.674,E
Burning - Crop Residues,United States of America,Biomass burned (dry matter),Wheat,1973,8765043.2,E
Burning - Crop Residues,United States of America,Emissions (N2O),Wheat,1973,0.6136,E
Burning - Crop Residues,United States of America,Emissions (CH4),Wheat,1973,23.6656,E
Burning - Crop Residues,United States of America,Biomass burned (dry matter),Wheat,1974,10581248.0,E
Burning - Crop Residues,United States of America,Emissions (N2O),Wheat,1974,0.7407,E
Burning - Crop Residues,United States of America,Emissions (CH4),Wheat,1974,28.5694,E
Burning - Crop Residues,United States of America,Biomass burned (dry matter),Wheat,1975,11249939.2,E
Burning - Crop Residues,United States of America,Emissions (N2O),Wheat,1975,0.7875,E
Burning - Crop Residues,United States of America,Emissions (CH4),Wheat,1975,30.3748,E
Burning - Crop Residues,United States of America,Biomass burned (dry matter),Wheat,1976,11481094.4,E
Burning - Crop Residues,United States of America,Emissions (N2O),Wheat,1976,0.8037,E
Burning - Crop Residues,United States of America,Emissions (CH4),Wheat,1976,30.999,E
Burning - Crop Residues,United States of America,Biomass burned (dry matter),Wheat,1977,10794598.4,E
Burning - Crop Residues,United States of America,Emissions (N2O),Wheat,1977,0.7556,E
Burning - Crop Residues,United States of America,Emissions (CH4),Wheat,1977,29.1454,E
Burning - Crop Residues,United States of America,Biomass burned (dry matter),Wheat,1978,9145184.0,E
Burning - Crop Residues,United States of America,Emissions (N2O),Wheat,1978,0.6402,E
Burning - Crop Residues,United States of America,Emissions (CH4),Wheat,1978,24.692,E
Burning - Crop Residues,United States of America,Biomass burned (dry matter),Wheat,1979,10109804.8,E
Burning - Crop Residues,United States of America,Emissions (N2O),Wheat,1979,0.7077,E
Burning - Crop Residues,United States of America,Emissions (CH4),Wheat,1979,27.2965,E
Burning - Crop Residues,United States of America,Biomass burned (dry matter),Wheat,1980,11513440.0,E
Burning - Crop Residues,United States of America,Emissions (N2O),Wheat,1980,0.8059,E
Burning - Crop Residues,United States of America,Emissions (CH4),Wheat,1980,31.0863,E
Burning - Crop Residues,United States of America,Biomass burned (dry matter),Wheat,1981,13054003.2,E
Burning - Crop Residues,United States of America,Emissions (N2O),Wheat,1981,0.9138,E
Burning - Crop Residues,United States of America,Emissions (CH4),Wheat,1981,35.2458,E
Burning - Crop Residues,United States of America,Biomass burned (dry matter),Wheat,1982,12616121.6,E
Burning - Crop Residues,United States of America,Emissions (N2O),Wheat,1982,0.8831,E
Burning - Crop Residues,United States of America,Emissions (CH4),Wheat,1982,34.0635,E
Burning - Crop Residues,United States of America,Biomass burned (dry matter),Wheat,1983,9937318.4,E
Burning - Crop Residues,United States of America,Emissions (N2O),Wheat,1983,0.6956,E
Burning - Crop Residues,United States of America,Emissions (CH4),Wheat,1983,26.8308,E
Burning - Crop Residues,United States of America,Biomass burned (dry matter),Wheat,1984,10834003.2,E
Burning - Crop Residues,United States of America,Emissions (N2O),Wheat,1984,0.7584,E
Burning - Crop Residues,United States of America,Emissions (CH4),Wheat,1984,29.2518,E
Burning - Crop Residues,United States of America,Biomass burned (dry matter),Wheat,1985,10473600.0,E
Burning - Crop Residues,United States of America,Emissions (N2O),Wheat,1985,0.7332,E
Burning - Crop Residues,United States of America,Emissions (CH4),Wheat,1985,28.2787,E
Burning - Crop Residues,United States of America,Biomass burned (dry matter),Wheat,1986,9823603.2,E
Burning - Crop Residues,United States of America,Emissions (N2O),Wheat,1986,0.6877,E
Burning - Crop Residues,United States of America,Emissions (CH4),Wheat,1986,26.5237,E
Burning - Crop Residues,United States of America,Biomass burned (dry matter),Wheat,1987,9058400.0,E
Burning - Crop Residues,United States of America,Emissions (N2O),Wheat,1987,0.6341,E
Burning - Crop Residues,United States of America,Emissions (CH4),Wheat,1987,24.4577,E
Burning - Crop Residues,United States of America,Biomass burned (dry matter),Wheat,1988,8610003.2,E
Burning - Crop Residues,United States of America,Emissions (N2O),Wheat,1988,0.6027,E
Burning - Crop Residues,United States of America,Emissions (CH4),Wheat,1988,23.247,E
Burning - Crop Residues,United States of America,Biomass burned (dry matter),Wheat,1989,10066803.2,E
Burning - Crop Residues,United States of America,Emissions (N2O),Wheat,1989,0.7047,E
Burning - Crop Residues,United States of America,Emissions (CH4),Wheat,1989,27.1804,E
Burning - Crop Residues,United States of America,Biomass burned (dry matter),Wheat,1990,11186000.0,E
Burning - Crop Residues,United States of America,Emissions (N2O),Wheat,1990,0.783,E
Burning - Crop Residues,United States of America,Emissions (CH4),Wheat,1990,30.2022,E
Burning - Crop Residues,United States of America,Biomass burned (dry matter),Wheat,1991,9356800.0,E
Burning - Crop Residues,United States of America,Emissions (N2O),Wheat,1991,0.655,E
Burning - Crop Residues,United States of America,Emissions (CH4),Wheat,1991,25.2634,E
Burning - Crop Residues,United States of America,Biomass burned (dry matter),Wheat,1992,10159520.0,E
Burning - Crop Residues,United States of America,Emissions (N2O),Wheat,1992,0.7112,E
Burning - Crop Residues,United States of America,Emissions (CH4),Wheat,1992,27.4307,E
Burning - Crop Residues,United States of America,Biomass burned (dry matter),Wheat,1993,10151560.0,E
Burning - Crop Residues,United States of America,Emissions (N2O),Wheat,1993,0.7106,E
Burning - Crop Residues,United States of America,Emissions (CH4),Wheat,1993,27.4092,E
Burning - Crop Residues,United States of America,Biomass burned (dry matter),Wheat,1994,9998800.0,E
Burning - Crop Residues,United States of America,Emissions (N2O),Wheat,1994,0.6999,E
Burning - Crop Residues,United States of America,Emissions (CH4),Wheat,1994,26.9968,E
Burning - Crop Residues,United States of America,Biomass burned (dry matter),Wheat,1995,9874000.0,E
Burning - Crop Residues,United States of America,Emissions (N2O),Wheat,1995,0.6912,E
Burning - Crop Residues,United States of America,Emissions (CH4),Wheat,1995,26.6598,E
Burning - Crop Residues,United States of America,Biomass burned (dry matter),Wheat,1996,10165600.0,E
Burning - Crop Residues,United States of America,Emissions (N2O),Wheat,1996,0.7116,E
Burning - Crop Residues,United States of America,Emissions (CH4),Wheat,1996,27.4471,E
Burning - Crop Residues,United States of America,Biomass burned (dry matter),Wheat,1997,10165600.0,E
Burning - Crop Residues,United States of America,Emissions (N2O),Wheat,1997,0.7116,E
Burning - Crop Residues,United States of America,Emissions (CH4),Wheat,1997,27.4471,E
Burning - Crop Residues,United States of America,Biomass burned (dry matter),Wheat,1998,9551200.0,E
Burning - Crop Residues,United States of America,Emissions (N2O),Wheat,1998,0.6686,E
Burning - Crop Residues,United States of America,Emissions (CH4),Wheat,1998,25.7882,E
Burning - Crop Residues,United States of America,Biomass burned (dry matter),Wheat,1999,8712400.0,E
Burning - Crop Residues,United States of America,Emissions (N2O),Wheat,1999,0.6099,E
Burning - Crop Residues,United States of America,Emissions (CH4),Wheat,1999,23.5235,E
Burning - Crop Residues,United States of America,Biomass burned (dry matter),Wheat,2000,8589625.6,E
Burning - Crop Residues,United States of America,Emissions (N2O),Wheat,2000,0.6013,E
Burning - Crop Residues,United States of America,Emissions (CH4),Wheat,2000,23.192,E
Burning - Crop Residues,United States of America,Biomass burned (dry matter),Wheat,2001,7846615.2,E
Burning - Crop Residues,United States of America,Emissions (N2O),Wheat,2001,0.5493,E
Burning - Crop Residues,United States of America,Emissions (CH4),Wheat,2001,21.1859,E
Burning - Crop Residues,United States of America,Biomass burned (dry matter),Wheat,2002,7417806.4,E
Burning - Crop Residues,United States of America,Emissions (N2O),Wheat,2002,0.5192,E
Burning - Crop Residues,United States of America,Emissions (CH4),Wheat,2002,20.0281,E
Burning - Crop Residues,United States of America,Biomass burned (dry matter),Wheat,2003,8589628.0,E
Burning - Crop Residues,United States of America,Emissions (N2O),Wheat,2003,0.6013,E
Burning - Crop Residues,United States of America,Emissions (CH4),Wheat,2003,23.192,E
Burning - Crop Residues,United States of America,Biomass burned (dry matter),Wheat,2004,8088782.4,E
Burning - Crop Residues,United States of America,Emissions (N2O),Wheat,2004,0.5662,E
Burning - Crop Residues,United States of America,Emissions (CH4),Wheat,2004,21.8397,E
Burning - Crop Residues,United States of America,Biomass burned (dry matter),Wheat,2005,8110635.2,E
Burning - Crop Residues,United States of America,Emissions (N2O),Wheat,2005,0.5677,E
Burning - Crop Residues,United States of America,Emissions (CH4),Wheat,2005,21.8987,E
Burning - Crop Residues,United States of America,Biomass burned (dry matter),Wheat,2006,7575796.8,E
Burning - Crop Residues,United States of America,Emissions (N2O),Wheat,2006,0.5303,E
Burning - Crop Residues,United States of America,Emissions (CH4),Wheat,2006,20.4547,E
Burning - Crop Residues,United States of America,Biomass burned (dry matter),Wheat,2007,8255513.6,E
Burning - Crop Residues,United States of America,Emissions (N2O),Wheat,2007,0.5779,E
Burning - Crop Residues,United States of America,Emissions (CH4),Wheat,2007,22.2899,E
Burning - Crop Residues,United States of America,Biomass burned (dry matter),Wheat,2008,9016331.2,E
Burning - Crop Residues,United States of America,Emissions (N2O),Wheat,2008,0.6311,E
Burning - Crop Residues,United States of America,Emissions (CH4),Wheat,2008,24.3441,E
Burning - Crop Residues,United States of America,Biomass burned (dry matter),Wheat,2009,8076480.0,E
Burning - Crop Residues,United States of America,Emissions (N2O),Wheat,2009,0.5654,E
Burning - Crop Residues,United States of America,Emissions (CH4),Wheat,2009,21.8065,E
Burning - Crop Residues,United States of America,Biomass burned (dry matter),Wheat,2010,7708372.0,E
Burning - Crop Residues,United States of America,Emissions (N2O),Wheat,2010,0.5396,E
Burning - Crop Residues,United States of America,Emissions (CH4),Wheat,2010,20.8126,E
Burning - Crop Residues,United States of America,Biomass burned (dry matter),Wheat,2011,7398469.6,E
Burning - Crop Residues,United States of America,Emissions (N2O),Wheat,2011,0.5179,E
Burning - Crop Residues,United States of America,Emissions (CH4),Wheat,2011,19.9759,E
Burning - Crop Residues,United States of America,Biomass burned (dry matter),Wheat,2012,7919057.6,E
Burning - Crop Residues,United States of America,Emissions (N2O),Wheat,2012,0.5543,E
Burning - Crop Residues,United States of America,Emissions (CH4),Wheat,2012,21.3815,E
Burning - Crop Residues,United States of America,Biomass burned (dry matter),Wheat,2013,7338164.0,E
Burning - Crop Residues,United States of America,Emissions (N2O),Wheat,2013,0.5137,E
Burning - Crop Residues,United States of America,Emissions (CH4),Wheat,2013,19.813,E
Burning - Crop Residues,United States of America,Biomass burned (dry matter),Wheat,2014,7508620.0,E
Burning - Crop Residues,United States of America,Emissions (N2O),Wheat,2014,0.5256,E
Burning - Crop Residues,United States of America,Emissions (CH4),Wheat,2014,20.2733,E
Burning - Crop Residues,United States of America,Biomass burned (dry matter),Wheat,2015,7623388.0,E
Burning - Crop Residues,United States of America,Emissions (N2O),Wheat,2015,0.5336,E
Burning - Crop Residues,United States of America,Emissions (CH4),Wheat,2015,20.5831,E
Burning - Crop Residues,United States of America,Biomass burned (dry matter),Wheat,2016,7097940.4,E
Burning - Crop Residues,United States of America,Emissions (N2O),Wheat,2016,0.4969,E
Burning - Crop Residues,United States of America,Emissions (CH4),Wheat,2016,19.1644,E
Burning - Crop Residues,United States of America,Biomass burned (dry matter),Wheat,2017,6079252.0,E
Burning - Crop Residues,United States of America,Emissions (N2O),Wheat,2017,0.4255,E
Burning - Crop Residues,United States of America,Emissions (CH4),Wheat,2017,16.414,E
Burning - Crop Residues,United States of America,Biomass burned (dry matter),Wheat,2018,6412232.0,E
Burning - Crop Residues,United States of America,Emissions (N2O),Wheat,2018,0.4489,E
Burning - Crop Residues,United States of America,Emissions (CH4),Wheat,2018,17.313,E
Burning - Crop Residues,United States of America,Biomass burned (dry matter),Wheat,2019,6053192.0,E
Burning - Crop Residues,United States of America,Emissions (N2O),Wheat,2019,0.4237,E
Burning - Crop Residues,United States of America,Emissions (CH4),Wheat,2019,16.3436,E
Burning - Crop Residues,United States of America,Biomass burned (dry matter),Wheat,2020,5948296.0,E
Burning - Crop Residues,United States of America,Emissions (N2O),Wheat,2020,0.4164,E
Burning - Crop Residues,United States of America,Emissions (CH4),Wheat,2020,16.0604,E
